,Company Name,Date,Date Raw,Industry,Job Title,Location,State
0,Abbott Laboratories,,,Pharmaceuticals,Sr. Financial Analyst - Operations - Menlo Park,Menlo Park, CA
1,Abbott Laboratories,,,Pharmaceuticals,Senior Digital Product Manager,Alameda, CA
2,Abbott Laboratories,,,Pharmaceuticals,Member Services Representative/Personal Banker,North Chicago, IL
3,Abbott Laboratories,2018-08-08,1 day ago,Pharmaceuticals,Operator I,Plymouth, MN
4,Abbott Laboratories,2018-07-24,16 days ago,Pharmaceuticals,Assembler III,Temecula, CA
5,Abbott Laboratories,2018-08-01,8 days ago,Pharmaceuticals,Customer Service Associate II,Saint Paul, MN
6,Abbott Laboratories,2018-07-17,23 hours ago,Pharmaceuticals,Receptionist,Westford, MA
7,Abbott Laboratories,2018-07-25,15 days ago,Pharmaceuticals,Manufacturing Technician I,Menlo Park, CA
8,Abbott Laboratories,2018-07-27,13 days ago,Pharmaceuticals,Operator l,Saint Paul, MN
9,Abbott Laboratories,2018-07-28,12 days ago,Pharmaceuticals,"Associate II, Customer Service",Saint Paul, MN
10,Abbott Laboratories,2018-08-03,6 days ago,Pharmaceuticals,"Supervisor Trainee I - Night Shift (8 hour Non-Rotating)- Altavista, VA Plant",Altavista, VA
11,Abbott Laboratories,2018-07-24,16 days ago,Pharmaceuticals,Operator I (weekend shift),Plymouth, MN
12,Abbott Laboratories,2018-08-08,1 day ago,Pharmaceuticals,SUPPLY PLANNER,Temecula, CA
13,Abbott Laboratories,,,Pharmaceuticals,Network Administrator,Gurnee, IL
14,Abbott Laboratories,,,Pharmaceuticals,Test Engineer,Liberty, SC
15,Abbott Laboratories,2018-07-29,11 hours ago,Pharmaceuticals,Supply Analyst,Temecula, CA
16,Abbott Laboratories,2018-08-02,7 days ago,Pharmaceuticals,Process Panel Operator (Part Time Weekend Pay up To $21/HR),Columbus, OH
17,Abbott Laboratories,2018-07-20,20 days ago,Pharmaceuticals,Packaging Utility - Nights,Columbus, OH
18,Abbott Laboratories,2018-07-10,30+ days ago,Pharmaceuticals,Teller,Gurnee, IL
19,Abbott Laboratories,2018-07-10,30+ days ago,Pharmaceuticals,"Package Operator - Any Shift - Fairfield, CA Plant",Fairfield, CA
20,Abbott Laboratories,2018-08-08,1 day ago,Pharmaceuticals,Associate Compliance Analyst,Lake Forest, IL
21,Abbott Laboratories,2018-07-19,21 days ago,Pharmaceuticals,Document Editor II,Lake Forest, IL
22,Abbott Laboratories,2018-08-08,1 day ago,Pharmaceuticals,"Sr. National Account Specialist supporting Costco - Seattle, WA - Abbott Nutrition",Seattle, WA
23,Abbott Laboratories,2018-08-03,6 days ago,Pharmaceuticals,"Processing Operator - 3rd Shift, Altavista, VA Plant",Altavista, VA
24,Abbott Laboratories,2018-07-25,15 days ago,Pharmaceuticals,IQA Inspector,Menlo Park, CA
25,Abbott Laboratories,2018-08-04,5 days ago,Pharmaceuticals,"National Account Manager supporting Amazon - Abbott Nutrition - Seattle, WA",Abbott Park, IL
26,Abbott Laboratories,2018-08-04,5 days ago,Pharmaceuticals,"Assistant Chemist 1 - 2nd Shift, Tues - Sat - Altavista Plant, VA Plant",Altavista, VA
27,Abbott Laboratories,2018-07-10,30+ days ago,Pharmaceuticals,"Batchmaker - Any Shift - Fairfield, CA Plant",Fairfield, CA
28,Abbott Laboratories,2018-08-07,2 days ago,Pharmaceuticals,Sr Technician Quality (US/PA/00/0009/HR),Abbott Park, IL
29,Abbott Laboratories,2018-07-24,16 days ago,Pharmaceuticals,Weekend Processing Operator (PART TIME STARTING PAY UP TO $21/HR),Columbus, OH
30,Abbott Laboratories,2018-08-08,1 day ago,Pharmaceuticals,Operator II Production- 1st Shift,Columbus, OH
31,Abbott Laboratories,2018-08-02,7 days ago,Pharmaceuticals,Administrative Assistant,Saint Paul, MN
32,Abbott Laboratories,2018-07-10,30+ days ago,Pharmaceuticals,Administrative Assistant II - Global Public Affairs,Alameda, CA
33,Abbott Laboratories,2018-08-02,7 hours ago,Pharmaceuticals,Administrative Assistant II - Legal,Abbott Park, IL
34,Abbott Laboratories,2018-07-29,11 hours ago,Pharmaceuticals,Environmental Health & Safety Specialist,Fairfield, CA
35,Abbott Laboratories,2018-07-31,9 days ago,Pharmaceuticals,"Technician I Operator - Sturgis, MI Plant (3rd Shift)",Sturgis, MI
36,Abbott Laboratories,2018-08-03,6 days ago,Pharmaceuticals,Global Security Analyst,Abbott Park, IL
37,Abbott Laboratories,2018-08-02,7 hours ago,Pharmaceuticals,"Maintenance Planner - Sturgis, MI Plant",Sturgis, MI
38,Abbott Laboratories,2018-07-24,16 days ago,Pharmaceuticals,Supply Chain Analyst,Menlo Park, CA
39,Abbott Laboratories,2018-07-18,22 days ago,Pharmaceuticals,Specialist Conventions and Events,Alameda, CA
40,Abbott Laboratories,2018-07-10,30+ days ago,Pharmaceuticals,Inspector 1,Saint Paul, MN
41,Abbott Laboratories,2018-07-29,11 hours ago,Pharmaceuticals,Senior Buyer,Saint Paul, MN
42,Abbott Laboratories,2018-08-08,1 day ago,Pharmaceuticals,Manager - US Commercial FP&A (Abbott Point of Care),Princeton, NJ
43,Abbott Laboratories,2018-08-08,1 day ago,Pharmaceuticals,"Technician I, Quality",Liberty, SC
44,Abbott Laboratories,2018-07-10,30+ days ago,Pharmaceuticals,Valve Specialist I,Saint Paul, MN
45,Abbott Laboratories,2018-07-21,19 hours ago,Pharmaceuticals,Informatics Technical Specialist AMS (Remote),Abbott Park, IL
46,Abbott Laboratories,2018-08-02,7 hours ago,Pharmaceuticals,"Specialist Customer Support in Princeton, NJ",Princeton, NJ
47,Abbott Laboratories,2018-07-10,30+ days ago,Pharmaceuticals,Asst Chemist I,Columbus, OH
48,Abbott Laboratories,2018-07-28,12 days ago,Pharmaceuticals,Regional Manager (Mid-South) - Abbott Point of Care,Abbott Park, IL
49,Abbott Laboratories,2018-07-20,20 days ago,Pharmaceuticals,Medical Events Specialist I,Alameda, CA
50,Abbott Laboratories,2018-07-29,11 hours ago,Pharmaceuticals,Quality Engineer,Temecula, CA
51,Abbott Laboratories,2018-07-29,11 hours ago,Pharmaceuticals,"Clinical Specialist, MCS (Houston, TX)",Houston, TX
52,Abbott Laboratories,2018-07-10,30+ days ago,Pharmaceuticals,"Coordinator, Program Management",Plymouth, MN
53,Abbott Laboratories,2018-08-07,2 days ago,Pharmaceuticals,"Analyst II, Product Surveillance",Plymouth, MN
54,Abbott Laboratories,2018-07-25,15 days ago,Pharmaceuticals,US Marketing Manager-Abbott Point of Care,Princeton, NJ
55,Abbott Laboratories,2018-07-27,13 days ago,Pharmaceuticals,Distribution Channel Manager (South America),Miami, FL
56,Abbott Laboratories,2018-07-20,20 days ago,Pharmaceuticals,UTILITY- Nights,Columbus, OH
57,Abbott Laboratories,2018-07-10,30+ days ago,Pharmaceuticals,Senior Quality Supervisor 1st Shift (5am Start),San Ramon, CA
58,Abbott Laboratories,2018-08-03,6 days ago,Pharmaceuticals,Financial Analyst,Barceloneta, PR
59,Abbott Laboratories,2018-08-04,5 days ago,Pharmaceuticals,"Warehouse Administrator - Fairfield, CA",Pleasanton, CA
60,Abbott Laboratories,2018-07-17,23 days ago,Pharmaceuticals,Associate Product Quality Analyst,Temecula, CA
61,Abbott Laboratories,2018-08-01,8 days ago,Pharmaceuticals,"Territory Representative, Heart Failure (CardioMEMS) NE Ohio",Cleveland, OH
62,Abbott Laboratories,2018-07-18,22 days ago,Pharmaceuticals,Materials Lead,Menlo Park, CA
63,Abbott Laboratories,2018-07-10,30 days ago,Pharmaceuticals,"Associate Sr., Customer Service",Saint Paul, MN
64,Abbott Laboratories,2018-08-04,5 days ago,Pharmaceuticals,Training Manager,Barceloneta, PR
65,Abbott Laboratories,2018-08-04,5 days ago,Pharmaceuticals,"Scientist, R&D",Des Plaines, IL
66,Abbott Laboratories,2018-08-04,5 days ago,Pharmaceuticals,Warehouse Specialist (Nights),Columbus, OH
67,Abbott Laboratories,2018-08-08,1 day ago,Pharmaceuticals,Sales Training Manager - Abbott Diabetes Care,Alameda, CA
68,Abbott Laboratories,2018-07-10,30+ days ago,Pharmaceuticals,Production Technician,Abbott Park, IL
69,Abbott Laboratories,2018-08-02,7 days ago,Pharmaceuticals,"Clinical Specialist I - Asheville, NC",Asheville, NC
70,Abbott Laboratories,2018-07-31,9 days ago,Pharmaceuticals,Associate Financial Analyst (FIN/FA/PROF1/5051/123),Barceloneta, PR
71,Abbott Laboratories,2018-07-28,12 days ago,Pharmaceuticals,Director Commercial Excellence - Abbott Point of Care,Princeton, NJ
72,Abbott Laboratories,2018-07-10,30+ days ago,Pharmaceuticals,Technician 2 Production,Liberty, SC
73,Abbott Laboratories,2018-07-31,9 days ago,Pharmaceuticals,Utility- 3rd Shift,Columbus, OH
74,Abbott Laboratories,2018-08-03,6 days ago,Pharmaceuticals,"Territory Representative, MCS (Houston, TX)",Houston, TX
75,Abbott Laboratories,2018-07-31,9 days ago,Pharmaceuticals,Packaging Equipment Operator,Columbus, OH
76,Abbott Laboratories,2018-07-28,12 days ago,Pharmaceuticals,"Territory Manager II, CPT - North Orange County",Santa Ana, CA
77,Abbott Laboratories,2018-07-10,30+ days ago,Pharmaceuticals,"Specialist I, Labeling",Sylmar, CA
78,Abbott Laboratories,2018-07-10,30+ days ago,Pharmaceuticals,Knowledge Management Specialist - Abbott Diabetes Care,Alameda, CA
79,Abbott Laboratories,2018-07-26,14 days ago,Pharmaceuticals,Clinical Research Associate,Lake Forest, IL
80,Abbott Laboratories,2018-08-04,5 days ago,Pharmaceuticals,Regulatory Affairs Specialist I,Plymouth, MN
81,Abbott Laboratories,2018-07-29,11 hours ago,Pharmaceuticals,Quality Assurance Specialist II,Sylmar, CA
82,Abbott Laboratories,2018-07-10,30+ days ago,Pharmaceuticals,Manager Market Access - Abbott Molecular,Des Plaines, IL
83,Abbott Laboratories,2018-07-28,12 days ago,Pharmaceuticals,Enterprise Executive (Carolinas & Florida) - Abbott Point of Care,Abbott Park, IL
84,Abbott Laboratories,2018-08-04,5 days ago,Pharmaceuticals,Compensation Administration Specialist,Abbott Park, IL
85,Abbott Laboratories,2018-07-17,23 hours ago,Pharmaceuticals,"SALAD BAR/CASHIER - Columbus, OH",Columbus, OH
86,Abbott Laboratories,2018-07-26,14 days ago,Pharmaceuticals,Senior Operator,Plymouth, MN
87,Abbott Laboratories,2018-07-17,23 days ago,Pharmaceuticals,Configuration Analyst II,Sylmar, CA
88,Abbott Laboratories,2018-07-10,30+ days ago,Pharmaceuticals,Manager Postmarket Surveillance,Sunnyvale, CA
89,Abbott Laboratories,2018-07-17,23 days ago,Pharmaceuticals,Supervisor Production,Plymouth, MN
90,Abbott Laboratories,2018-08-01,8 days ago,Pharmaceuticals,Plant Production Scheduler,Columbus, OH
91,Abbott Laboratories,2018-07-18,22 days ago,Pharmaceuticals,Data Analyst,Princeton, NJ
92,Abbott Laboratories,2018-07-31,9 days ago,Pharmaceuticals,"Automation Support Professional - Location: Pensacola, FL",Pensacola, FL
93,Abbott Laboratories,2018-07-10,30+ days ago,Pharmaceuticals,Regulatory Affairs Associate,Santa Clara, CA
94,Abbott Laboratories,2018-07-10,30+ days ago,Pharmaceuticals,Environmental Specialist I,Sylmar, CA
95,Abbott Laboratories,2018-07-10,30 days ago,Pharmaceuticals,Global Product Manager - Immunoassays - Abbott Diagnostics,Lake Forest, IL
96,Abbott Laboratories,2018-07-10,30+ days ago,Pharmaceuticals,Executive Assistant,Santa Clara, CA
97,Abbott Laboratories,2018-07-14,26 days ago,Pharmaceuticals,Scientist - Analytical Chemist II,Minnetonka, MN
98,Abbott Laboratories,2018-07-10,30+ days ago,Pharmaceuticals,Member Services Representative/Personal Banker,North Chicago, IL
99,Abbott Laboratories,2018-08-02,7 hours ago,Pharmaceuticals,"Manager, R & D",Saint Paul, MN
100,Abbott Laboratories,2018-07-25,15 days ago,Pharmaceuticals,Project Manager,Alameda, CA
101,Abbott Laboratories,2018-07-10,30+ days ago,Pharmaceuticals,Operations Specialist,Gurnee, IL
102,Abbott Laboratories,2018-08-02,7 days ago,Pharmaceuticals,Technician III - Line Equipment,Temecula, CA
103,Abbott Laboratories,2018-07-21,19 days ago,Pharmaceuticals,Statistician,Lake Forest, IL
104,Abbott Laboratories,2018-07-10,30+ days ago,Pharmaceuticals,Buyer/Planner I - Structural Heart - Menlo Park,Menlo Park, CA
105,Abbott Laboratories,2018-07-28,12 days ago,Pharmaceuticals,"Customer Support Specialist (Field Service Representative) Location: Dallas Fort-Worth, TX Area",Fort Worth, TX
106,Abbott Laboratories,2018-07-10,30+ days ago,Pharmaceuticals,"Senior Manager, Public Affairs, Abbott Diagnostics",Lake Forest, IL
107,Abbott Laboratories,2018-07-10,30+ days ago,Pharmaceuticals,Finance Intern,Abbott Park, IL
108,Abbott Laboratories,2018-08-02,7 days ago,Pharmaceuticals,Utility - Columbus OH - 3rd shift,Columbus, OH
109,Abbott Laboratories,2018-07-27,13 days ago,Pharmaceuticals,Specialist Customer Service Operations,Lake Forest, IL
110,Abbott Laboratories,2018-08-02,7 days ago,Pharmaceuticals,Technical Writer I,Plano, TX
111,Abbott Laboratories,2018-08-02,7 days ago,Pharmaceuticals,Packaging Equipment Operator- Nights,Columbus, OH
112,Abbott Laboratories,2018-07-27,13 days ago,Pharmaceuticals,Clinical Specialist III CPT,Honolulu, HI
113,Abbott Laboratories,2018-07-10,30+ days ago,Pharmaceuticals,"Administrative Assistant, Regulatory Affairs",Plano, TX
114,Abbott Laboratories,2018-07-31,9 days ago,Pharmaceuticals,Group Lead,Liberty, SC
115,Abbott Laboratories,2018-07-25,15 days ago,Pharmaceuticals,"Executive Assistant - Coordinator Admin, Facilities & EHS",Plymouth, MN
116,Abbott Laboratories,2018-07-10,30+ days ago,Pharmaceuticals,Production Line Trainer,Plymouth, MN
117,Abbott Laboratories,2018-07-13,27 days ago,Pharmaceuticals,Group Team Lead,Saint Paul, MN
118,Abbott Laboratories,2018-08-04,5 days ago,Pharmaceuticals,Production Supervisor,Arecibo, PR
119,Abbott Laboratories,2018-07-25,15 days ago,Pharmaceuticals,"Finance Director, Transfusion Business Unit",Lake Forest, IL
120,Abbott Laboratories,2018-07-12,28 days ago,Pharmaceuticals,Manufacturing Training Coordinator,Minnetonka, MN
121,Abbott Laboratories,2018-07-19,21 days ago,Pharmaceuticals,Planner/Buyer I,Atlanta, GA
122,Abbott Laboratories,2018-07-31,9 days ago,Pharmaceuticals,Product Manager - Upstream Marketing - Abbott Diagnostics,Lake Forest, IL
123,Abbott Laboratories,2018-07-10,30+ days ago,Pharmaceuticals,"Coronary Account Manager, eastern Iowa",Cedar Rapids, IA
124,Abbott Laboratories,2018-07-10,30+ days ago,Pharmaceuticals,"Production Supervisor (Front Line Leader II) - 1st, 2nd or 3rd Shift - Fairfield, CA Plant",Fairfield, CA
125,Abbott Laboratories,2018-07-10,30+ days ago,Pharmaceuticals,Market Access Manager (Abbott Point of Care),Princeton, NJ
126,Abbott Laboratories,2018-07-19,21 days ago,Pharmaceuticals,Endovascular Account Manager - Orange County,Irvine, CA
127,Abbott Laboratories,2018-07-10,30+ days ago,Pharmaceuticals,"Crew Lead Production - 3rd Shift - Fairfield, CA",Fairfield, CA
128,Abbott Laboratories,2018-07-18,22 days ago,Pharmaceuticals,Demand Planner,Lake Forest, IL
129,Abbott Laboratories,2018-07-10,30+ days ago,Pharmaceuticals,"Technical Application Specialist (Validation & Verification) Preferred Location: Dallas, TX or Lake Forest, IL",Dallas, TX
130,Abbott Laboratories,2018-08-01,8 days ago,Pharmaceuticals,Regional Business Manager,Minneapolis, MN
131,Abbott Laboratories,2018-07-10,30+ days ago,Pharmaceuticals,Process Panel Operator -2nd Shift,Columbus, OH
132,Abbott Laboratories,2018-07-10,30+ days ago,Pharmaceuticals,Area Customer Trainer,Dallas, TX
133,Abbott Laboratories,2018-07-10,30+ days ago,Pharmaceuticals,"Technical Training Specialist, Manufacturing Learning and Development",Minnetonka, MN
134,Abbott Laboratories,2018-07-10,30+ days ago,Pharmaceuticals,Staff Scientist - Biocompatibility,Santa Clara, CA
135,Abbott Laboratories,2018-07-10,30+ days ago,Pharmaceuticals,Research Information Scientist,Abbott Park, IL
136,Abbott Laboratories,2018-07-27,13 days ago,Pharmaceuticals,Customer Education Coordinator,Austin, TX
137,Abbott Laboratories,2018-07-21,19 days ago,Pharmaceuticals,"Automation Support Professional (Field Service Representative) Location: Richmond, VA",Richmond, VA
138,Abbott Laboratories,2018-08-02,7 days ago,Pharmaceuticals,Contract Administrator,Austin, TX
139,Abbott Laboratories,2018-08-07,2 days ago,Pharmaceuticals,"Coronary Clinical Specialist, Dallas Fort Worth/East Texas/Louisiana",Lubbock, TX
140,Abbott Laboratories,2018-07-14,26 days ago,Pharmaceuticals,Territory Manager I - Denver,Denver, CO
141,Abbott Laboratories,2018-07-19,21 days ago,Pharmaceuticals,"Operator Warehouse Control Hi Rise (1st Shift/Day Shift) - Columbus, OH",Columbus, OH
142,Abbott Laboratories,2018-08-02,7 hours ago,Pharmaceuticals,Senior Specialist,Abbott Park, IL
143,Abbott Laboratories,2018-07-10,30+ days ago,Pharmaceuticals,National Sales Trainer - Abbott Vascular,Santa Clara, CA
144,Abbott Laboratories,2018-07-10,30+ days ago,Pharmaceuticals,Field Clinical Research Associate,Abbott Park, IL
145,Abbott Laboratories,2018-07-10,30+ days ago,Pharmaceuticals,Legal Administrative Assistant II,Abbott Park, IL
146,Abbott Laboratories,2018-07-21,19 days ago,Pharmaceuticals,Talent Deployment Specialist,Abbott Park, IL
147,Abbott Laboratories,2018-07-13,27 days ago,Pharmaceuticals,Manufacturing Engineer,Saint Paul, MN
148,Abbott Laboratories,2018-07-26,14 days ago,Pharmaceuticals,Specialist Molecular Applications,Des Plaines, IL
149,Abbott Laboratories,2018-07-29,11 hours ago,Pharmaceuticals,Regional Sales Manager (Pacific Northwest) - Abbott Point of Care,Abbott Park, IL
150,Abbott Laboratories,2018-08-08,1 day ago,Pharmaceuticals,Sr. PDP Specialist,Abbott Park, IL
151,Abbott Laboratories,2018-08-01,8 days ago,Pharmaceuticals,District Service Manager Location: California,Fairfield, CA
152,Abbott Laboratories,2018-07-25,15 days ago,Pharmaceuticals,"Project Manager, Production Optimization",Pleasanton, CA
153,Abbott Laboratories,2018-07-10,30+ days ago,Pharmaceuticals,Specialist Field Service (Alabama),Birmingham, AL
154,Abbott Laboratories,2018-07-27,13 days ago,Pharmaceuticals,Global Service Professional,Irving, TX
155,Abbott Laboratories,2018-07-10,30+ days ago,Pharmaceuticals,"Sales Representative - Pediatric Office Specialist - (Newark, DE)",Newark, DE
156,Abbott Laboratories,2018-07-23,17 days ago,Pharmaceuticals,"Business Analyst, I - Shop Floor Apps",Sylmar, CA
157,Abbott Laboratories,2018-07-17,23 days ago,Pharmaceuticals,EHS Specialist,Plymouth, MN
158,Abbott Laboratories,2018-07-24,16 days ago,Pharmaceuticals,"Endovascular Clinical Specialist, San Francisco Bay Area",San Francisco, CA
159,Abbott Laboratories,2018-08-01,8 days ago,Pharmaceuticals,Commissions Analyst,Austin, TX
160,Abbott Laboratories,2018-08-03,6 days ago,Pharmaceuticals,Sales Representative - Pediatric Nutrition - (Los Angeles),Los Angeles, CA
161,Abbott Laboratories,2018-07-10,30+ days ago,Pharmaceuticals,Microelectronics Packaging Engineer,Scottsdale, AZ
162,Abbott Laboratories,2018-07-14,26 days ago,Pharmaceuticals,"Sr Financial Analyst - Abbott Park, IL",Abbott Park, IL
163,Abbott Laboratories,2018-07-10,30+ days ago,Pharmaceuticals,Commercial Excellence Senior Analyst - Abbott Point of Care,Princeton, NJ
164,Abbott Laboratories,2018-07-10,30+ days ago,Pharmaceuticals,Manufacturing Supervisor,Scottsdale, AZ
165,Abbott Laboratories,2018-07-10,30+ days ago,Pharmaceuticals,Molding Technician (2nd shift),Plymouth, MN
166,Abbott Laboratories,2018-07-10,30+ days ago,Pharmaceuticals,"Field Service Technician (Remote Must Live in Memphis, TN)",Memphis, TN
167,Abbott Laboratories,2018-07-10,30+ days ago,Pharmaceuticals,Training Coordinator Sr,Sylmar, CA
168,Abbott Laboratories,2018-07-18,22 days ago,Pharmaceuticals,Software Engineer I,Sylmar, CA
169,Abbott Laboratories,2018-07-24,16 days ago,Pharmaceuticals,Safety CRA II,Plymouth, MN
170,Abbott Laboratories,2018-07-10,30+ days ago,Pharmaceuticals,"Manager, Global Customer Service",Des Plaines, IL
171,Abbott Laboratories,2018-07-10,30+ days ago,Pharmaceuticals,Training Coordinator,Westford, MA
172,Abbott Laboratories,2018-08-08,1 day ago,Pharmaceuticals,"Heart Failure Therapy Specialist- DC and Richmond, VA",Richmond, VA
173,Abbott Laboratories,2018-08-08,1 day ago,Pharmaceuticals,Senior Manufacturing Engineer,Menlo Park, CA
174,Abbott Laboratories,2018-07-12,28 days ago,Pharmaceuticals,Implementation Project Manager - Field Support Services (Area Central) - Abbott Point of Care,Abbott Park, IL
175,Abbott Laboratories,2018-08-02,7 hours ago,Pharmaceuticals,"Senior Quality Professional, Supplier Quality",Abbott Park, IL
176,Abbott Laboratories,2018-08-04,5 days ago,Pharmaceuticals,Manager Project - Change Management,Abbott Park, IL
177,Abbott Laboratories,2018-07-10,30 days ago,Pharmaceuticals,Mechanical I Ops,Abbott Park, IL
178,Abbott Laboratories,2018-07-28,12 days ago,Pharmaceuticals,"Field Clinical Engineer, AF",Springfield, IL
179,Abbott Laboratories,2018-07-19,21 days ago,Pharmaceuticals,TECH SPPT SCI LV2,Des Plaines, IL
180,Abbott Laboratories,2018-08-08,1 day ago,Pharmaceuticals,Manager - US Commercial Demand Planning (Abbott Point of Care),Princeton, NJ
181,Abbott Laboratories,2018-07-10,30+ days ago,Pharmaceuticals,MES - Developer,Plano, TX
182,Abbott Laboratories,2018-08-01,8 days ago,Pharmaceuticals,Inventory Warehouse Supervisor,Minnetonka, MN
183,Abbott Laboratories,2018-07-10,30+ days ago,Pharmaceuticals,Area Service Trainer,Dallas, TX
184,Abbott Laboratories,2018-07-10,30+ days ago,Pharmaceuticals,Structural Heart Representative - Congenital - NYC,New York, NY
185,Abbott Laboratories,2018-07-28,12 days ago,Pharmaceuticals,US Marketing Lead - Abbott Transfusion Medicine,Lake Forest, IL
186,Abbott Laboratories,2018-07-17,23 days ago,Pharmaceuticals,System Analyst,Irving, TX
187,Abbott Laboratories,2018-07-31,9 days ago,Pharmaceuticals,Accounts Receivable Lead,Columbus, OH
188,Abbott Laboratories,2018-07-10,30+ days ago,Pharmaceuticals,Strategic Planning Director,Austin, TX
189,Abbott Laboratories,2018-07-10,30+ days ago,Pharmaceuticals,Facilities Assct 3,Menlo Park, CA
190,Abbott Laboratories,2018-07-10,30+ days ago,Pharmaceuticals,"Sr. Category Analyst – National Food Accounts - Abbott Nutrition - Minneapolis, MN",Minneapolis, MN
191,Abbott Laboratories,2018-08-08,1 day ago,Pharmaceuticals,IT Program Manager,Waukegan, IL
192,Abbott Laboratories,2018-07-20,20 days ago,Pharmaceuticals,"Engineer I, Quality Assurance",Plano, TX
193,Abbott Laboratories,2018-07-10,30+ days ago,Pharmaceuticals,Sales Data & Insights Analyst,Lake Forest, IL
194,Abbott Laboratories,2018-08-02,7 hours ago,Pharmaceuticals,Sr. BSA,Abbott Park, IL
195,Abbott Laboratories,2018-08-01,8 days ago,Pharmaceuticals,"Clinical Education Specialist, Heart Failure (Kansas City)",Kansas City, MO
196,Abbott Laboratories,2018-08-01,8 days ago,Pharmaceuticals,Accountant,Saint Paul, MN
197,Abbott Laboratories,2018-07-10,30+ days ago,Pharmaceuticals,"Technician Sr., Reliability",Sylmar, CA
198,Abbott Laboratories,2018-07-11,29 days ago,Pharmaceuticals,Master Data Analyst,Lake Forest, IL
199,Abbott Laboratories,2018-08-07,2 days ago,Pharmaceuticals,Specialist Informatics Technical,Abbott Park, IL
200,Abbott Laboratories,2018-07-10,30+ days ago,Pharmaceuticals,Marketing Manager - Abbott Point of Care- Pipeline Requisition,Princeton, NJ
201,Abbott Laboratories,2018-07-21,19 days ago,Pharmaceuticals,"Consultative C-Level Sales Professional (Location: CA, WA, AZ, CO or surrounding areas)",Los Angeles, CA
202,Abbott Laboratories,2018-07-10,30+ days ago,Pharmaceuticals,CAPA Coordinator,Columbus, OH
203,Abbott Laboratories,2018-07-21,19 days ago,Pharmaceuticals,"Automation Support Professional (Field Service Representative) Location: Lynchburg, VA",Richmond, VA
204,Abbott Laboratories,2018-07-17,23 days ago,Pharmaceuticals,Teller Supervisor,North Chicago, IL
205,Abbott Laboratories,2018-07-10,30+ days ago,Pharmaceuticals,Regional Director,Abbott Park, IL
206,Abbott Laboratories,2018-07-10,30+ days ago,Pharmaceuticals,Field Clinical Engineer I- Midwest,Abbott Park, IL
207,Abbott Laboratories,2018-07-10,30+ days ago,Pharmaceuticals,"Field Service Represntative, Richmond, VA",Richmond, VA
208,Abbott Laboratories,2018-07-19,21 days ago,Pharmaceuticals,Warehouse Specialist (Nights 2on 2 off every other Weekend),Columbus, OH
209,Abbott Laboratories,2018-07-10,30+ days ago,Pharmaceuticals,Global Serialization Program Manager,Waukegan, IL
210,Abbott Laboratories,2018-07-10,30+ days ago,Pharmaceuticals,Associate Project Manager,Menlo Park, CA
211,Abbott Laboratories,2018-07-10,30+ days ago,Pharmaceuticals,Talent Acquisition Professional (Contract),Abbott Park, IL
212,Abbott Laboratories,2018-07-10,30+ days ago,Pharmaceuticals,Staff Compliance Specialist,Plymouth, MN
213,Abbott Laboratories,2018-07-27,13 days ago,Pharmaceuticals,"Sales Executive (IA, NE, SD)",Sioux City, IA
214,Abbott Laboratories,2018-07-10,30 days ago,Pharmaceuticals,Staff Scientist - Analytical Chemist,Sylmar, CA
215,Abbott Laboratories,2018-07-10,30+ days ago,Pharmaceuticals,Field Service Representative (Central PA),Allentown, PA
216,Abbott Laboratories,2018-08-03,6 days ago,Pharmaceuticals,Account Manager - Structural Heart - Arizona - Valves,Phoenix, AZ
217,Abbott Laboratories,2018-07-10,30+ days ago,Pharmaceuticals,Human Factors Engineer,Santa Clara, CA
218,Abbott Laboratories,2018-07-19,21 days ago,Pharmaceuticals,Customer Support Specialist (Field Service Representative) Location: Central Massachusetts,New Haven, CT
219,Abbott Laboratories,2018-07-18,22 days ago,Pharmaceuticals,Assistant Clinical Project Manager,Plymouth, MN
220,Abbott Laboratories,2018-07-12,28 days ago,Pharmaceuticals,Mechanical Technician II,Plano, TX
221,Abbott Laboratories,2018-07-10,30+ days ago,Pharmaceuticals,Marketing Specialist,Alameda, CA
222,Abbott Laboratories,2018-08-04,5 days ago,Pharmaceuticals,"Medical Device Sales Specialist (Birmingham, AL South Territory) - Abbott Point of Care",Abbott Park, IL
223,Abbott Laboratories,2018-07-10,30+ days ago,Pharmaceuticals,"Field Service Represntative, Lynchburg, VA",Richmond, VA
224,Abbott Laboratories,2018-07-14,26 days ago,Pharmaceuticals,Inside Sales Representative - Pediatric & Adult Nutrition,Columbus, OH
225,Abbott Laboratories,2018-07-10,30+ days ago,Pharmaceuticals,Specialist Project Management,Columbus, OH
226,Abbott Laboratories,2018-08-01,8 days ago,Pharmaceuticals,Technical Writing Manager,Plano, TX
227,Abbott Laboratories,2018-07-14,26 days ago,Pharmaceuticals,Scientist Research and Development,Abbott Park, IL
228,Abbott Laboratories,2018-07-10,30+ days ago,Pharmaceuticals,Technical Application Specialist,Abbott Park, IL
229,Abbott Laboratories,2018-07-20,20 days ago,Pharmaceuticals,Sr. Specialist - Digital Marketing Operations (Abbott Point of Care),Princeton, NJ
230,Abbott Laboratories,2018-07-11,29 days ago,Pharmaceuticals,Director Strategic Planning,Alameda, CA
231,Abbott Laboratories,2018-08-08,1 day ago,Pharmaceuticals,Program Manager,Columbus, OH
232,Abbott Laboratories,2018-07-29,11 hours ago,Pharmaceuticals,Medical Device Sales Specialist (Chicago/Milwaukee - Outpatient Sales) - Abbott Point of Care,Abbott Park, IL
233,Abbott Laboratories,2018-07-10,30+ days ago,Pharmaceuticals,Sr. Inventory Planning Coordinator,Tipp City, OH
234,Abbott Laboratories,2018-07-10,30+ days ago,Pharmaceuticals,Pricing & Profitability Manager,Lake Forest, IL
235,Abbott Laboratories,2018-08-02,7 days ago,Pharmaceuticals,Manager AQR Quality Program,Abbott Park, IL
236,Abbott Laboratories,2018-07-10,30+ days ago,Pharmaceuticals,Integration Specialist,Abbott Park, IL
237,Abbott Laboratories,2018-07-10,30+ days ago,Pharmaceuticals,Global Product Manager - Abbott Transfusion Medicine,Lake Forest, IL
238,Abbott Laboratories,2018-08-04,5 days ago,Pharmaceuticals,"Engineer II, Mechanical",Sylmar, CA
239,Abbott Laboratories,2018-07-10,30+ days ago,Pharmaceuticals,FEA STAFF R&D ENGINEER,Santa Clara, CA
240,Abbott Laboratories,2018-07-10,30+ days ago,Pharmaceuticals,Field Service Specialist (Central PA area),Altoona, PA
241,Abbott Laboratories,2018-07-10,30+ days ago,Pharmaceuticals,Regulatory Specialist II,Sylmar, CA
242,Abbott Laboratories,2018-08-03,6 days ago,Pharmaceuticals,"Staff Engineer - Sturgis, MI Plant",Sturgis, MI
243,Abbott Laboratories,2018-07-21,19 days ago,Pharmaceuticals,SAP Program Director,Waukegan, IL
244,Abbott Laboratories,2018-07-28,12 days ago,Pharmaceuticals,Global Training Manager,Des Plaines, IL
245,Abbott Laboratories,2018-07-10,30+ days ago,Pharmaceuticals,E-Learning Designer,Sylmar, CA
246,Abbott Laboratories,2018-07-10,30+ days ago,Pharmaceuticals,Staff Biostatistician,Saint Paul, MN
247,Abbott Laboratories,2018-07-10,30+ days ago,Pharmaceuticals,"SH Clinical Specialist, Congenital - Phoenix, AZ",Phoenix, AZ
248,Abbott Laboratories,2018-07-10,30+ days ago,Pharmaceuticals,"Coronary Account Manager, Houston/Gulf Coast",Houston, TX
249,Abbott Laboratories,2018-07-10,30+ days ago,Pharmaceuticals,"Structural Heart MitraClip Clinical Specialist - Houston, TX",Houston, TX
250,Abbott Laboratories,2018-07-17,23 days ago,Pharmaceuticals,Director Compliance,Plymouth, MN
251,Abbott Laboratories,2018-07-26,14 days ago,Pharmaceuticals,Clinical Specialist II - Orlando (Pipeline),Orlando, FL
252,Abbott Laboratories,2018-07-20,20 days ago,Pharmaceuticals,"Analyst II, Clinical Budgets",Plano, TX
253,Abbott Laboratories,2018-07-10,30+ days ago,Pharmaceuticals,"Electrical Instrumentation Technician - Casa Grande, AZ Plant",Casa Grande, AZ
254,Abbott Laboratories,2018-07-10,30+ days ago,Pharmaceuticals,"Technical Sales Specialist, CPT",Abbott Park, IL
255,Abbott Laboratories,2018-07-10,30+ days ago,Pharmaceuticals,"Sr. Specialist Learning and Development - 1st Shift - Altavista, VA Plant",Altavista, VA
256,Abbott Laboratories,2018-07-10,30+ days ago,Pharmaceuticals,Test Engineer,Liberty, SC
257,Abbott Laboratories,2018-07-10,30+ days ago,Pharmaceuticals,Senior Sales Administration & Support Analyst,Alameda, CA
258,Abbott Laboratories,2018-07-25,15 days ago,Pharmaceuticals,"Engineer II, Systems",Sylmar, CA
259,Abbott Laboratories,2018-08-02,7 days ago,Pharmaceuticals,"Clinical Specialist, Mechanical Circulatory Support (N. CA & Portland, OR)",Sacramento, CA
260,Abbott Laboratories,2018-07-18,22 days ago,Pharmaceuticals,Supervisor Finance - Legal,Abbott Park, IL
261,Abbott Laboratories,2018-07-27,13 days ago,Pharmaceuticals,DIR GOOD CLINICAL PRACTICE AQR,Abbott Park, IL
262,Abbott Laboratories,2018-07-10,30+ days ago,Pharmaceuticals,Medical Device Software Sales Representative - Abbott Diabetes Care,Los Angeles, CA
263,Abbott Laboratories,2018-07-10,30+ days ago,Pharmaceuticals,Network Administrator,Gurnee, IL
264,Abbott Laboratories,2018-07-10,30+ days ago,Pharmaceuticals,"Technical Writer, Labeling Medical Devices",Des Plaines, IL
265,Abbott Laboratories,2018-07-10,30+ days ago,Pharmaceuticals,"Sr Equipment Packaging Engineer - Abbott Nutrition - Columbus, Ohio",Columbus, OH
266,Abbott Laboratories,2018-07-10,30+ days ago,Pharmaceuticals,IT Business Relationship Manager,Des Plaines, IL
267,Abbott Laboratories,2018-07-12,28 days ago,Pharmaceuticals,Commercial Systems Support Consultant,Waukegan, IL
268,Abbott Laboratories,2018-07-10,30+ days ago,Pharmaceuticals,Commercial Paralegal,Lake Forest, IL
269,Abbott Laboratories,2018-07-18,22 days ago,Pharmaceuticals,"Technical Implementation Specialist Lead - Informatics (Houston or Dallas, TX)",Dallas, TX
270,Abbott Laboratories,2018-07-10,30+ days ago,Pharmaceuticals,District Sales Manager Abbott Nutrition,Richmond, VA
271,Abbott Laboratories,2018-07-10,30 days ago,Pharmaceuticals,"Sales Representative - Outpatient Therapeutic Nutrition (Charlotte, NC)",Charlotte, NC
272,Abbott Laboratories,2018-07-10,30+ days ago,Pharmaceuticals,"Staff Scientist - Analytical Chemist (Sylmar, CA or Minnetonka, MN)",Sylmar, CA
273,Abbott Laboratories,2018-07-10,30+ days ago,Pharmaceuticals,Machinist I (2nd shift),Liberty, SC
274,Abbott Laboratories,2018-08-04,5 days ago,Pharmaceuticals,Region Medical Science Manager,Minneapolis, MN
275,Abbott Laboratories,2018-07-10,30+ days ago,Pharmaceuticals,Principle Engineer,Lake Forest, IL
276,Abbott Laboratories,2018-07-27,13 days ago,Pharmaceuticals,Quality Engineering Supplier,Westford, MA
277,Abbott Laboratories,2018-07-13,27 days ago,Pharmaceuticals,Site Business Relationship Manager- IT Lead,Temecula, CA
278,Abbott Laboratories,2018-07-24,16 days ago,Pharmaceuticals,Ops Finance Controller,Plymouth, MN
279,Abbott Laboratories,2018-07-14,26 days ago,Pharmaceuticals,Field Clinical Engineer,Abbott Park, IL
280,Abbott Laboratories,2018-07-26,14 days ago,Pharmaceuticals,Biospecimen Acquisition Supervisor (Phlebotomy),Santa Clara, CA
281,Abbott Laboratories,2018-07-10,30+ days ago,Pharmaceuticals,Ambassador Sales Representative (East TN / KY),Knoxville, TN
282,Abbott Laboratories,2018-07-10,30+ days ago,Pharmaceuticals,"Controls Engineer - Fairfield, CA Plant",Fairfield, CA
283,Abbott Laboratories,2018-08-04,5 days ago,Pharmaceuticals,"Corporate Back Office, BSS, DTS IT Service Manager",Waukegan, IL
284,Abbott Laboratories,2018-07-25,15 days ago,Pharmaceuticals,Engineering Technician - 3rd Shift,Tipp City, OH
285,Abbott Laboratories,2018-07-31,9 days ago,Pharmaceuticals,Clinical Project Manager,Santa Clara, CA
286,Abbott Laboratories,2018-08-04,5 days ago,Pharmaceuticals,"Technical Services Specialist, EP- Santa Clara, CA",Santa Clara, CA
287,Abbott Laboratories,2018-07-10,30+ days ago,Pharmaceuticals,"Sales Executive (Southwest, Midwest and West-US)",Abbott Park, IL
288,Abbott Laboratories,2018-07-20,20 days ago,Pharmaceuticals,"Engineer II, Manufacturing",Pleasanton, CA
289,Abbott Laboratories,2018-07-10,30+ days ago,Pharmaceuticals,"Clinical Specialist, Mechanical Circulatory Support (Cincinnati/Indianapolis)",Cincinnati, OH
290,Abbott Laboratories,2018-07-10,30+ days ago,Pharmaceuticals,Manager of Quality Systems,Altavista, VA
291,Abbott Laboratories,2018-07-10,30+ days ago,Pharmaceuticals,Automation Support Professional (Field Service Representative) Location: Connecticut or Boston,Abbott Park, IL
292,Abbott Laboratories,2018-07-19,21 days ago,Pharmaceuticals,Associate Program Manager - Glucerna,Columbus, OH
293,Abbott Laboratories,2018-07-10,30+ days ago,Pharmaceuticals,"Specialist, Information Governance",Abbott Park, IL
294,Abbott Laboratories,2018-07-10,30+ days ago,Pharmaceuticals,Assistant Controller,Austin, TX
295,Abbott Laboratories,2018-07-31,9 days ago,Pharmaceuticals,Shared Services Project Manager,Abbott Park, IL
296,Abbott Laboratories,2018-07-10,30+ days ago,Pharmaceuticals,"Sr Global Service (Location: Santa Clara, CA, Dallas, TX or Delkenheim, Germany)",Santa Clara, CA
297,Abbott Laboratories,2018-07-10,30+ days ago,Pharmaceuticals,Integration Lead,Abbott Park, IL
298,Abbott Laboratories,2018-07-10,30+ days ago,Pharmaceuticals,Sr Group Lead,Plymouth, MN
299,Abbott Laboratories,2018-07-10,30+ days ago,Pharmaceuticals,Project Manager Regulatory Affairs,Princeton, NJ
300,Abbott Laboratories,2018-07-10,30+ days ago,Pharmaceuticals,"Customer Support Specialist (Field Service Representative) Location: Sioux Falls, South Dakota",Sioux Falls, SD
301,Abbott Laboratories,2018-07-25,15 days ago,Pharmaceuticals,"Director, Product QA and Compliance",Santa Clara, CA
302,Abbott Laboratories,2018-07-17,23 hours ago,Pharmaceuticals,"PREP COOK /SERVER - Columbus, Ohio",Columbus, OH
303,Abbott Laboratories,2018-07-18,22 days ago,Pharmaceuticals,"Senior Technical Service Specialist, EP",Richmond, VA
304,Abbott Laboratories,2018-07-10,30+ days ago,Pharmaceuticals,Medical Device Sales Representative (Seattle),Seattle, WA
305,Abbott Laboratories,2018-07-10,30+ days ago,Pharmaceuticals,Market Research Manager,Columbus, OH
306,Abbott Laboratories,2018-07-10,30+ days ago,Pharmaceuticals,Sales Ambassador (TN/KY),Nashville, TN
307,Abbott Laboratories,2018-08-08,1 day ago,Pharmaceuticals,"Technician, Maintenance II",Liberty, SC
308,Abbott Laboratories,2018-08-03,6 days ago,Pharmaceuticals,"Territory Manager, CRM (Minneapolis, MN)",Minneapolis, MN
309,Abbott Laboratories,2018-07-10,30+ days ago,Pharmaceuticals,"Coronary Clinical Specialist, Cincinnati / Dayton",Cincinnati, OH
310,Abbott Laboratories,2018-08-08,1 day ago,Pharmaceuticals,Head of US DBS Marketing,Austin, TX
311,Abbott Laboratories,2018-08-01,8 days ago,Pharmaceuticals,"Sr. Clinical Research Associate, IVD Diagnostics",Santa Clara, CA
312,Abbott Laboratories,2018-07-10,30+ days ago,Pharmaceuticals,Sr. Team Leader - Nutrition Consumer Products,Minneapolis, MN
313,Abbott Laboratories,2018-07-29,11 hours ago,Pharmaceuticals,Quality Systems Engineer II,Plano, TX
314,Abbott Laboratories,2018-08-03,6 days ago,Pharmaceuticals,"Clinical Education Specialist - MitraClip - Boston, MA - Structural Heart",Boston, MA
315,Abbott Laboratories,2018-07-10,30+ days ago,Pharmaceuticals,Project Engineer,Lake Forest, IL
316,Abbott Laboratories,2018-08-08,1 day ago,Pharmaceuticals,Principal Quality Engineer,Des Plaines, IL
317,Abbott Laboratories,2018-08-02,7 days ago,Pharmaceuticals,Sr. Specialist IT - CAPA,Waukegan, IL
318,Abbott Laboratories,2018-07-10,30+ days ago,Pharmaceuticals,SENIOR MEDICAL EVENTS SPECIALIST,Lake Forest, IL
319,Abbott Laboratories,2018-07-31,9 days ago,Pharmaceuticals,Sr. Program Manager,Sylmar, CA
320,Abbott Laboratories,2018-07-24,16 days ago,Pharmaceuticals,Tooling Design Engineer,Temecula, CA
321,Abbott Laboratories,2018-07-10,30+ days ago,Pharmaceuticals,"Engineer I, Electrical",Sylmar, CA
322,Abbott Laboratories,2018-07-20,20 days ago,Pharmaceuticals,"Therapy Manager, New Jersey",Princeton, NJ
323,Abbott Laboratories,2018-07-10,30+ days ago,Pharmaceuticals,"Manager, Talent Acquisition-Marketing",Santa Clara, CA
324,Abbott Laboratories,2018-08-01,8 days ago,Pharmaceuticals,Cost Accountant - Financial Analyst,Sylmar, CA
325,Abbott Laboratories,2018-07-10,30+ days ago,Pharmaceuticals,"Technical Application Specialists Preferred Location: Chicago, IL",Chicago, IL
326,Abbott Laboratories,2018-08-02,7 days ago,Pharmaceuticals,Manufacturing Engineering II,Pleasanton, CA
327,Abbott Laboratories,2018-08-08,1 day ago,Pharmaceuticals,Consumer Marketing Manager,Alameda, CA
328,Abbott Laboratories,2018-07-19,21 days ago,Pharmaceuticals,Staff Quality Engineer,Santa Clara, CA
329,Abbott Laboratories,2018-08-04,5 days ago,Pharmaceuticals,Clinical Specialist - Structural Intervention - NYC,New York, NY
330,Abbott Laboratories,2018-07-10,30+ days ago,Pharmaceuticals,Medical Device Sales Specialist (Western Connecticut) - Abbott Point of Care,Abbott Park, IL
331,Abbott Laboratories,2018-07-10,30+ days ago,Pharmaceuticals,Account Manager - Structural Heart - Rocky Mountains,Denver, CO
332,Abbott Laboratories,2018-07-10,30+ days ago,Pharmaceuticals,Clinical Quality Manager,Santa Clara, CA
333,Abbott Laboratories,2018-07-12,28 days ago,Pharmaceuticals,Technical Service Engineer I,Plano, TX
334,Abbott Laboratories,2018-07-10,30+ days ago,Pharmaceuticals,"Capital Project Manager - Fairfield, CA",Fairfield, CA
335,Abbott Laboratories,2018-07-10,30+ days ago,Pharmaceuticals,Postmarket Surveillance Clinical Group Lead,Sylmar, CA
336,Abbott Laboratories,2018-07-25,15 days ago,Pharmaceuticals,"Technical Support Manager Level 1, Diagnostics",Abbott Park, IL
337,Abbott Laboratories,2018-07-13,27 days ago,Pharmaceuticals,"Manager, Professional Training",Pleasanton, CA
338,Abbott Laboratories,2018-07-10,30+ days ago,Pharmaceuticals,Informatics Technical Specialist-LIS,Chicago, IL
339,Abbott Laboratories,2018-07-10,30+ days ago,Pharmaceuticals,US Sr. Product Manager - Abbott Diagnostics,Lake Forest, IL
340,Abbott Laboratories,2018-07-10,30+ days ago,Pharmaceuticals,Associate Manager Marketing - eCommerce,Columbus, OH
341,Abbott Laboratories,2018-08-03,6 days ago,Pharmaceuticals,"DIRECTOR, QUALITY BUSINESS SUPPORT",Abbott Park, IL
342,Abbott Laboratories,2018-07-10,30+ days ago,Pharmaceuticals,Sr. Process Scientist,Abbott Park, IL
343,Abbott Laboratories,2018-07-21,19 hours ago,Pharmaceuticals,Technical Implementation Specialist Lead - Informatics,Abbott Park, IL
344,Abbott Laboratories,2018-07-10,30+ days ago,Pharmaceuticals,"Diagnostics Sales Representative (Boston, MA)",Boston, MA
345,Abbott Laboratories,2018-07-13,27 days ago,Pharmaceuticals,Latin America / Canada Area Controller,Lake Forest, IL
346,Abbott Laboratories,2018-07-10,30+ days ago,Pharmaceuticals,Director Human Resources,Sylmar, CA
347,Abbott Laboratories,2018-07-10,30+ days ago,Pharmaceuticals,Education Specialist-Electrophysiology,Austin, TX
348,Abbott Laboratories,2018-07-27,13 days ago,Pharmaceuticals,"Customer Service Specialist (Field Service Representative) Location: Cincinnati, OH",Cincinnati, OH
349,Abbott Laboratories,2018-07-14,26 days ago,Pharmaceuticals,Sr Project Manager,Santa Clara, CA
350,Abbott Laboratories,2018-08-02,7 hours ago,Pharmaceuticals,Accounts Payable Supervisor - Technology & Analytics (North America SSO),Abbott Park, IL
351,Abbott Laboratories,2018-07-18,22 days ago,Pharmaceuticals,Sr. R&D Production Development Tools Specialist,Abbott Park, IL
352,Abbott Laboratories,2018-07-10,30+ days ago,Pharmaceuticals,Senior Market Research Analyst,Columbus, OH
353,Abbott Laboratories,2018-07-10,30+ days ago,Pharmaceuticals,"Sales Representative, Acute Care - Washington DC/Northern VA",Arlington, VA
354,Abbott Laboratories,2018-07-10,30+ days ago,Pharmaceuticals,Software Quality Engineer,Princeton, NJ
355,Abbott Laboratories,2018-07-10,30+ days ago,Pharmaceuticals,Global Service Trainer--Project Management,Dallas, TX
356,Abbott Laboratories,2018-07-29,11 hours ago,Pharmaceuticals,Solution Architect,Waukegan, IL
357,Abbott Laboratories,2018-07-10,30+ days ago,Pharmaceuticals,Sales Ambassador - (Richmond VA Area),Richmond, VA
358,Abbott Laboratories,2018-08-07,2 days ago,Pharmaceuticals,Global Risk Manager,Abbott Park, IL
359,Abbott Laboratories,2018-07-10,30+ days ago,Pharmaceuticals,Associate Business Systems Consultant,Waukegan, IL
360,Abbott Laboratories,2018-07-10,30+ days ago,Pharmaceuticals,"Scientist II, Applied Research",Sylmar, CA
361,Abbott Laboratories,2018-07-21,19 days ago,Pharmaceuticals,Senior Counsel / Operations Director,Abbott Park, IL
362,Abbott Laboratories,2018-07-27,13 days ago,Pharmaceuticals,Technical Services Specialist (Orange County),Irvine, CA
363,Abbott Laboratories,2018-07-10,30+ days ago,Pharmaceuticals,Global Service Trainer - LIMS(Laboratory Information Management System),Dallas, TX
364,Abbott Laboratories,2018-07-26,14 days ago,Pharmaceuticals,International Regulatory Project Manager,Sylmar, CA
365,Abbott Laboratories,2018-08-03,6 days ago,Pharmaceuticals,Senior Development Quality Engineer,Plymouth, MN
366,Abbott Laboratories,2018-07-26,14 days ago,Pharmaceuticals,Senior Specialist Procurement,Des Plaines, IL
367,Abbott Laboratories,2018-07-10,30+ days ago,Pharmaceuticals,"Senior Compliance Analyst, Diagnostics",Lake Forest, IL
368,Abbott Laboratories,2018-07-10,30+ days ago,Pharmaceuticals,Director Global Sourcing,Alameda, CA
369,Abbott Laboratories,2018-07-10,30+ days ago,Pharmaceuticals,Multi Craft III- Night Shift,Tipp City, OH
370,Abbott Laboratories,2018-08-07,2 days ago,Pharmaceuticals,Site Controller Atlanta,Atlanta, GA
371,Abbott Laboratories,2018-07-10,30+ days ago,Pharmaceuticals,Market Research Manager - Innovation,Columbus, OH
372,Abbott Laboratories,2018-07-28,12 days ago,Pharmaceuticals,"Automation Support Professional (Field Automation/Service Representative) Location: Wichita, KS",Wichita, KS
373,Abbott Laboratories,2018-07-10,30+ days ago,Pharmaceuticals,Clinical Specialist Structural Heart - Atlanta/Birmingham,Birmingham, AL
374,Abbott Laboratories,2018-07-10,30+ days ago,Pharmaceuticals,"Customer Support Specialist (Field Service Representative) (Location: Monroe, LA)",Shreveport, LA
375,Abbott Laboratories,2018-07-10,30+ days ago,Pharmaceuticals,Quality Systems Analyst- INT,Temecula, CA
376,Abbott Laboratories,2018-07-10,30+ days ago,Pharmaceuticals,Manager Sales Training - Structural Heart,Santa Clara, CA
377,Abbott Laboratories,2018-07-10,30+ days ago,Pharmaceuticals,Sr. Product Manager-Abbott Molecular,Des Plaines, IL
378,Abbott Laboratories,2018-08-08,1 day ago,Pharmaceuticals,"Technical Sales Specialist, EP",Abbott Park, IL
379,Abbott Laboratories,2018-07-18,22 days ago,Pharmaceuticals,Program Manager Quote to Cash,Waukegan, IL
380,Abbott Laboratories,2018-07-10,30+ days ago,Pharmaceuticals,"Sr. Scientist, R&D",Abbott Park, IL
381,Abbott Laboratories,2018-07-10,30+ days ago,Pharmaceuticals,"Sr. Scientist, Biocompatibility",Saint Paul, MN
382,Abbott Laboratories,2018-07-11,29 days ago,Pharmaceuticals,Sr Medical Writer,Abbott Park, IL
383,Abbott Laboratories,2018-07-10,30+ days ago,Pharmaceuticals,PMO Manager,Sylmar, CA
384,Abbott Laboratories,2018-07-19,21 days ago,Pharmaceuticals,"Sr. Systems Specialist, Supply Chain",Plymouth, MN
385,Abbott Laboratories,2018-07-10,30+ days ago,Pharmaceuticals,Software Quality Manager,Saint Paul, MN
386,Abbott Laboratories,2018-07-10,30+ days ago,Pharmaceuticals,Network Administrator,Gurnee, IL
387,Abbott Laboratories,2018-07-24,16 days ago,Pharmaceuticals,"Regional Sales Manager, CPT",Miami, FL
388,Abbott Laboratories,2018-07-10,30+ days ago,Pharmaceuticals,Engineering Director,Alameda, CA
389,Abbott Laboratories,2018-07-10,30+ days ago,Pharmaceuticals,Medical Safety Monitor,Santa Clara, CA
390,Abbott Laboratories,2018-07-10,30+ days ago,Pharmaceuticals,"Coronary Account Manager, Camden NJ",Newark, NJ
391,Abbott Laboratories,2018-07-10,30+ days ago,Pharmaceuticals,"Manager, Manufacturing -(Automotive Experience)",Temecula, CA
392,Abbott Laboratories,2018-08-03,6 days ago,Pharmaceuticals,"Senior Director, IT",Santa Clara, CA
393,Abbott Laboratories,2018-07-14,26 days ago,Pharmaceuticals,"Coronary Sr. Clinical Specialist, San Francisco/Peninsula",San Francisco, CA
394,Abbott Laboratories,2018-07-10,30+ days ago,Pharmaceuticals,Medical Education Manager,Dallas, TX
395,Abbott Laboratories,2018-07-10,30+ days ago,Pharmaceuticals,Medical Device Sales Specialist (NC & SC - Outpatient Sales) - Abbott Point of Care,Abbott Park, IL
396,Abbott Laboratories,2018-07-12,28 days ago,Pharmaceuticals,Customer Success Manager (Laboratory Informatics Tech.),Abbott Park, IL
397,Abbott Laboratories,2018-07-10,30+ days ago,Pharmaceuticals,Field Service Representative (Preferred Location Queens or Brooklyn),Queens, NY
398,Abbott Laboratories,2018-07-10,30+ days ago,Pharmaceuticals,Digital Marketing Program Manager,Lake Forest, IL
399,Abbott Laboratories,2018-07-20,20 days ago,Pharmaceuticals,"Analyst Sr., Financial",Minnetonka, MN
400,Abbott Laboratories,2018-07-27,13 days ago,Pharmaceuticals,Sr Project Manager Analytics,Waukegan, IL
401,Abbott Laboratories,2018-07-31,9 days ago,Pharmaceuticals,Functional Process Manager,Waukegan, IL
402,Abbott Laboratories,2018-07-27,13 days ago,Pharmaceuticals,SR SYSTEMS BUSINESS ANALYST,Waukegan, IL
403,Abbott Laboratories,2018-08-04,5 days ago,Pharmaceuticals,Scrum Master Project Manager,Princeton, NJ
404,Abbott Laboratories,2018-07-10,30+ days ago,Pharmaceuticals,Sr. Staff Scientist,Sylmar, CA
405,Abbott Laboratories,2018-07-10,30+ days ago,Pharmaceuticals,"Field Clinical Engineer, AF (Tacoma WA or Seattle, WA)",Tacoma, WA
406,Abbott Laboratories,2018-07-12,28 days ago,Pharmaceuticals,Product Manager,Santa Clara, CA
407,Abbott Laboratories,2018-07-24,16 days ago,Pharmaceuticals,"District Sales Manager, Pediatric Nutrition - Denver, CO",Denver, CO
408,Abbott Laboratories,2018-07-10,30+ days ago,Pharmaceuticals,Maintenance Engineer,Fairfield, CA
409,Abbott Laboratories,2018-07-10,30+ days ago,Pharmaceuticals,Global Training Manager - Commercial/Product Training,Lake Forest, IL
410,Abbott Laboratories,2018-07-28,12 days ago,Pharmaceuticals,"Direct Sales Representative, CRM",Indianapolis, IN
411,Abbott Laboratories,2018-07-14,26 days ago,Pharmaceuticals,"Field Clinical Engineer, EP (Northern VA/DC/Maryland)",Washington, DC
412,Abbott Laboratories,2018-07-14,26 days ago,Pharmaceuticals,"Director, Business Human Resources - Diagnostics",Abbott Park, IL
413,Abbott Laboratories,2018-07-24,16 days ago,Pharmaceuticals,"Sr Clinical Research Associate in Lake Forest, IL",Lake Forest, IL
414,Abbott Laboratories,2018-07-25,15 days ago,Pharmaceuticals,"Sr. Manager, Program Management",Atlanta, GA
415,Abbott Laboratories,2018-07-10,30+ days ago,Pharmaceuticals,"Broker Operations Manager, Nutrition Consumer Products",Minneapolis, MN
416,Abbott Laboratories,2018-08-01,8 days ago,Pharmaceuticals,Sales Executive (Remote - St Louis),St. Louis, MO
417,Abbott Laboratories,2018-07-28,12 days ago,Pharmaceuticals,"Manager Scientific Services, Diagnostics",Lake Forest, IL
418,Abbott Laboratories,2018-07-10,30+ days ago,Pharmaceuticals,Staff R&D Engineer,Saint Paul, MN
419,Abbott Laboratories,2018-07-10,30+ days ago,Pharmaceuticals,Scientific Brand Manager,Abbott Park, IL
420,Abbott Laboratories,2018-07-10,30+ days ago,Pharmaceuticals,Informatics Sales Specialist (West US),Denver, CO
421,Abbott Laboratories,2018-07-10,30+ days ago,Pharmaceuticals,Director Enterprise Accounts,Abbott Park, IL
422,Abbott Laboratories,2018-08-04,5 days ago,Pharmaceuticals,"Regional Sales Manager, DBS",Phoenix, AZ
423,Abbott Laboratories,2018-07-25,15 days ago,Pharmaceuticals,"Medical Device Sales Specialist (Sacramento, CA Area) - Abbott Point of Care",Abbott Park, IL
424,Abbott Laboratories,2018-08-02,7 days ago,Pharmaceuticals,Senior Maintenance Technician,Des Plaines, IL
425,Abbott Laboratories,2018-07-12,28 days ago,Pharmaceuticals,"Info Sec Specialist, - Incident Response",Saint Paul, MN
426,Abbott Laboratories,2018-07-24,16 days ago,Pharmaceuticals,"Sr. Specialist Project Management - Columbus, OH",Columbus, OH
427,Abbott Laboratories,2018-07-10,30+ days ago,Pharmaceuticals,Principal EHS Specialist,Lake Forest, IL
428,Abbott Laboratories,2018-07-10,30+ days ago,Pharmaceuticals,Medical Device Sales Specialist (CT & RI) - Abbott Point of Care,Abbott Park, IL
429,Abbott Laboratories,2018-07-10,30+ days ago,Pharmaceuticals,Symphony Program Manager - Quality Management,Abbott Park, IL
430,Abbott Laboratories,2018-07-10,30+ days ago,Pharmaceuticals,"NPD Business Analyst - Columbus, OH",Columbus, OH
431,Abbott Laboratories,2018-07-25,15 days ago,Pharmaceuticals,"Engineer Sr, Test Development",Sylmar, CA
432,Abbott Laboratories,2018-07-12,28 days ago,Pharmaceuticals,"Group Lead, Manfacturing Engineering",Plano, TX
433,Abbott Laboratories,2018-07-27,13 days ago,Pharmaceuticals,"Technical Service Specialist, EP- Macon, GA",Atlanta, GA
434,Abbott Laboratories,2018-07-10,30+ days ago,Pharmaceuticals,Sales Executive / Ambassador (San Antonio / Corpus Christi),San Antonio, TX
435,Abbott Laboratories,2018-07-10,30+ days ago,Pharmaceuticals,Sr. Logistics Analyst,Temecula, CA
436,Abbott Laboratories,2018-07-10,30+ days ago,Pharmaceuticals,Clinical Specialist MitraClip - South Carolina,Greenville, SC
437,Abbott Laboratories,2018-07-18,22 days ago,Pharmaceuticals,"Senior Manager, Quality Assurance",Santa Clara, CA
438,Abbott Laboratories,2018-07-10,30+ days ago,Pharmaceuticals,Senior Logistics Planner,Lake Forest, IL
439,Abbott Laboratories,2018-07-13,27 days ago,Pharmaceuticals,Business Systems Analyst,Abbott Park, IL
440,Abbott Laboratories,2018-07-25,15 days ago,Pharmaceuticals,Surgical Platform Marketing Manager,Plymouth, MN
441,Abbott Laboratories,2018-07-10,30+ days ago,Pharmaceuticals,Manager Compliance,Santa Clara, CA
442,Abbott Laboratories,2018-07-14,26 days ago,Pharmaceuticals,"Medical Device Sales Specialist (Omaha, NE Area) - Abbott Point of Care",Abbott Park, IL
443,Abbott Laboratories,2018-07-10,30+ days ago,Pharmaceuticals,EH&S Manager,Plano, TX
444,Abbott Laboratories,2018-07-24,16 days ago,Pharmaceuticals,Ambassador / Sales and Business Management (Central Florida Tampa area),Tampa, FL
445,Abbott Laboratories,2018-07-11,29 days ago,Pharmaceuticals,Sr QA Professional - Quality Engineering,Des Plaines, IL
446,Abbott Laboratories,2018-08-02,7 days ago,Pharmaceuticals,Cybersecurity Sr. Manager,Waukegan, IL
447,Abbott Laboratories,2018-07-10,30+ days ago,Pharmaceuticals,Technical Solutions Design Specialist - Clinical,Abbott Park, IL
448,Abbott Laboratories,2018-07-11,29 days ago,Pharmaceuticals,Manager - Data Analytics (Sales Administration),Lake Forest, IL
449,Abbott Laboratories,2018-07-10,30+ days ago,Pharmaceuticals,"Direct Sales Representative, AF",West Palm Beach, FL
450,Abbott Laboratories,2018-07-10,30+ days ago,Pharmaceuticals,Senior Quality Equipment Specialist,Santa Clara, CA
451,Abbott Laboratories,2018-07-28,12 days ago,Pharmaceuticals,Senior Quality Compliance Analyst,Alameda, CA
452,Abbott Laboratories,2018-07-10,30+ days ago,Pharmaceuticals,"Consultative C-Level Sales Professional (Location: Charlotte NC, Washington DC, Baltimore MD or surrounding areas)",Charlotte, NC
453,Abbott Laboratories,2018-07-27,13 days ago,Pharmaceuticals,"IT, Business Relationship Manager (BRM)",Alameda, CA
454,Abbott Laboratories,2018-07-19,21 days ago,Pharmaceuticals,Finance Manager,Lake Forest, IL
455,Abbott Laboratories,2018-07-10,30+ days ago,Pharmaceuticals,"Endovascular Regional Sales Director, Southwest",Phoenix, AZ
456,Abbott Laboratories,2018-07-10,30+ days ago,Pharmaceuticals,"Sales Representative - Pediatric Nutrition Sales Specialist (Syracuse, NY)",Syracuse, NY
457,Abbott Laboratories,2018-07-10,30+ days ago,Pharmaceuticals,"Electrical Design Engineer, Entry Level in Princeton, NJ",Princeton, NJ
458,Abbott Laboratories,2018-07-29,11 hours ago,Pharmaceuticals,Magento Technical Architect,Chicago, IL
459,Abbott Laboratories,2018-08-01,8 days ago,Pharmaceuticals,Sr Regulatory Specialist,Des Plaines, IL
460,Abbott Laboratories,2018-07-31,9 days ago,Pharmaceuticals,Senior Sales Executive (Chicago),Chicago, IL
461,Abbott Laboratories,2018-07-31,9 days ago,Pharmaceuticals,Senior Quality Professional- Product Quality Assurance (PQA),Irving, TX
462,Abbott Laboratories,2018-07-10,30+ days ago,Pharmaceuticals,"Sales Representative - Pediatric Hospital Sales Specialist (Louisville, KY)",Louisville, KY
463,Abbott Laboratories,2018-07-10,30+ days ago,Pharmaceuticals,"Customer Integration Engineer Location: Dallas, TX or Lake Forest, IL",Dallas, TX
464,Abbott Laboratories,2018-07-10,30+ days ago,Pharmaceuticals,"Sr Manager Global Training Development, Tendyne",Saint Paul, MN
465,Abbott Laboratories,2018-08-01,8 days ago,Pharmaceuticals,Heart Failure Therapy Specialist- MCS (New York City),New York, NY
466,Abbott Laboratories,2018-07-10,30+ days ago,Pharmaceuticals,Corporate Sales Executive - Strategic Accounts,San Francisco, CA
467,Abbott Laboratories,2018-07-10,30+ days ago,Pharmaceuticals,Sr Quality Engineer,Temecula, CA
468,Abbott Laboratories,2018-07-18,22 days ago,Pharmaceuticals,Staff Electrical Engineer,Sylmar, CA
469,Abbott Laboratories,2018-08-02,7 days ago,Pharmaceuticals,Senior Retail Customer Analyst,Columbus, OH
470,Abbott Laboratories,2018-07-11,29 days ago,Pharmaceuticals,Controls Engineer,Abbott Park, IL
471,Abbott Laboratories,2018-07-10,30+ days ago,Pharmaceuticals,IT Business Relationship Manager - Mfg. Operations & Prod. Quality,Abbott Park, IL
472,Abbott Laboratories,2018-07-24,16 days ago,Pharmaceuticals,Category Manager - Electronics,Sylmar, CA
473,Abbott Laboratories,2018-07-28,12 days ago,Pharmaceuticals,"Senior Specialist Regulatory Affairs in Princeton, NJ",Princeton, NJ
474,Abbott Laboratories,2018-08-01,8 days ago,Pharmaceuticals,Regulatory Affairs Project Manager,Des Plaines, IL
475,Abbott Laboratories,2018-07-17,23 days ago,Pharmaceuticals,Systems Engineer,Irving, TX
476,Abbott Laboratories,2018-07-10,30+ days ago,Pharmaceuticals,"Sr Scientist - Analytical Chemist (Sylmar, CA or Minnetonka, MN)",Sylmar, CA
477,Abbott Laboratories,2018-07-20,20 days ago,Pharmaceuticals,Senior Sales Analytics Manager,Minneapolis, MN
478,Abbott Laboratories,2018-07-10,30+ days ago,Pharmaceuticals,Senior Regulatory Affairs Specialist,Plano, TX
479,Abbott Laboratories,2018-08-02,7 days ago,Pharmaceuticals,Senior Resource Planning Analyst,Plymouth, MN
480,Abbott Laboratories,2018-07-10,30+ days ago,Pharmaceuticals,Digital Strategist,Saint Paul, MN
481,Abbott Laboratories,2018-07-17,23 days ago,Pharmaceuticals,Principal Human Factors Engineer,Irving, TX
482,Abbott Laboratories,2018-07-10,30+ days ago,Pharmaceuticals,Manager National Accounts,Abbott Park, IL
483,Abbott Laboratories,2018-07-10,30+ days ago,Pharmaceuticals,Data Analytics Specialist,Abbott Park, IL
484,Abbott Laboratories,2018-07-10,30+ days ago,Pharmaceuticals,Sr. Global Product Manager-Abbott Molecular,Des Plaines, IL
485,Abbott Laboratories,2018-07-10,30+ days ago,Pharmaceuticals,"Specialist II, International Regulatory Affairs",Pleasanton, CA
486,Abbott Laboratories,2018-07-10,30+ days ago,Pharmaceuticals,Manager / Counsel – Operations & Technology - International Legal Operations,Abbott Park, IL
487,Abbott Laboratories,2018-07-10,30+ days ago,Pharmaceuticals,Manager Field Development - Complex PCI Training Program Manager,Abbott Park, IL
488,Abbott Laboratories,2018-07-10,30+ days ago,Pharmaceuticals,Senior Scientist Real-World Evidence,Sunnyvale, CA
489,Abbott Laboratories,2018-07-10,30+ days ago,Pharmaceuticals,Solution Design Specialist,Abbott Park, IL
490,Abbott Laboratories,2018-07-10,30+ days ago,Pharmaceuticals,Senior Systems Applications Specialist,Abbott Park, IL
491,Abbott Laboratories,2018-07-10,30+ days ago,Pharmaceuticals,Informatics Test Engineer,Lake Forest, IL
492,Abbott Laboratories,2018-07-31,9 days ago,Pharmaceuticals,Technical Solutions Design Specialist - Workflow,Abbott Park, IL
493,Abbott Laboratories,2018-07-26,14 days ago,Pharmaceuticals,"Marketing Manager, ADC CALA",Alameda, CA
494,Abbott Laboratories,2018-07-10,30+ days ago,Pharmaceuticals,Sr. Financial Analyst - Operations - Menlo Park,Menlo Park, CA
495,Abbott Laboratories,2018-07-10,30+ days ago,Pharmaceuticals,Senior Professional Quality - Design Assurance,Des Plaines, IL
496,Abbott Laboratories,2018-07-10,30+ days ago,Pharmaceuticals,Workday Reporting Lead,Abbott Park, IL
497,Abbott Laboratories,2018-07-24,16 days ago,Pharmaceuticals,Category Manager - Electronics Components,Scottsdale, AZ
498,Abbott Laboratories,2018-07-21,19 days ago,Pharmaceuticals,Senior Specialist Procurement - Integrated Facility Management,Abbott Park, IL
499,Abbott Laboratories,2018-07-12,28 days ago,Pharmaceuticals,"Clinical Specialist - NICU/Neonatal Pediatric Nutrition Sales Representative (N. Carolina - Charlotte, Raleigh, and Richmond, VA)",Raleigh, NC
500,Abbott Laboratories,2018-07-10,30+ days ago,Pharmaceuticals,"Consultative C-Level Sales Professional Services Location: Minneapolis MN, Detroit MI, Chicago IL or St. Louis MO",Detroit, MI
501,Abbott Laboratories,2018-07-10,30+ days ago,Pharmaceuticals,Senior R&D Engineer,Santa Clara, CA
502,Abbott Laboratories,2018-07-10,30+ days ago,Pharmaceuticals,"Structural Heart Acct Mgr MitraClip - Louisiana and Mobile, AL",New Orleans, LA
503,Abbott Laboratories,2018-07-10,30+ days ago,Pharmaceuticals,Senior Field Clinical Research Associate- Northern CA,Pleasanton, CA
504,Abbott Laboratories,2018-07-10,30+ days ago,Pharmaceuticals,"Compliance Manager, Rapid Diagnostics",Lake Forest, IL
505,Abbott Laboratories,2018-07-17,23 hours ago,Pharmaceuticals,"Senior Manager, Strategic Insights & Analytics",Lake Forest, IL
506,Abbott Laboratories,2018-07-10,30+ days ago,Pharmaceuticals,Scientific Specialist - FISH/Oncology - West,Phoenix, AZ
507,Abbott Laboratories,2018-07-10,30+ days ago,Pharmaceuticals,"Maintenance Supervisor - 2nd Shift - Fairfield, CA Plant",Fairfield, CA
508,Abbott Laboratories,2018-07-24,16 days ago,Pharmaceuticals,"Brand Manager, Adult Global Innovation",Abbott Park, IL
509,Abbott Laboratories,2018-07-10,30+ days ago,Pharmaceuticals,Global TAVR Product Manager,Plymouth, MN
510,Abbott Laboratories,2018-07-10,30+ days ago,Pharmaceuticals,"Engineer II, Test & Controls",Atlanta, GA
511,Abbott Laboratories,2018-07-10,30+ days ago,Pharmaceuticals,Senior Quality Compliance Specialist,Sylmar, CA
512,Abbott Laboratories,2018-07-10,30+ days ago,Pharmaceuticals,Engineer II Process Development,Scottsdale, AZ
513,Abbott Laboratories,2018-07-13,27 days ago,Pharmaceuticals,Mechanical Engineer II,Pleasanton, CA
514,Abbott Laboratories,2018-07-18,22 days ago,Pharmaceuticals,Enterprise Account Manager (Phoenix & SO CA),Phoenix, AZ
515,Abbott Laboratories,2018-07-29,11 hours ago,Pharmaceuticals,Senior Mechanical Engineer,Irving, TX
516,Abbott Laboratories,2018-08-08,1 day ago,Pharmaceuticals,SR CONTRACT MARKETING ANALYST,Austin, TX
517,Abbott Laboratories,2018-07-19,21 days ago,Pharmaceuticals,Sr. Manufacturing Engineer (Automotive Experience),Temecula, CA
518,Abbott Laboratories,2018-08-01,8 days ago,Pharmaceuticals,Manager Sales Compensation,Austin, TX
519,Abbott Laboratories,2018-07-27,13 days ago,Pharmaceuticals,Post Doc Senior Scientist,Des Plaines, IL
520,Abbott Laboratories,2018-07-10,30+ days ago,Pharmaceuticals,Global Director Commercial Operations Excellence,Lake Forest, IL
521,Abbott Laboratories,2018-07-10,30+ days ago,Pharmaceuticals,"Technical Services Specialist, EP (Lafayette, LA)",Baton Rouge, LA
522,Abbott Laboratories,2018-07-11,29 days ago,Pharmaceuticals,"Laboratory Field Service Engineer (Transfusion Service Ambassador)- Location: San Antonio, TX",San Antonio, TX
523,Abbott Laboratories,2018-07-10,30+ days ago,Pharmaceuticals,Developer - SAP,Minnetonka, MN
524,Abbott Laboratories,2018-07-10,30+ days ago,Pharmaceuticals,Global Service Trainer--Technical Specialist,Dallas, TX
525,Abbott Laboratories,2018-07-10,30+ days ago,Pharmaceuticals,Principal Technical Scientist,Des Plaines, IL
526,Abbott Laboratories,2018-07-24,16 days ago,Pharmaceuticals,Senior Specialist - Contracts & Pricing,Abbott Park, IL
527,Abbott Laboratories,2018-07-10,30+ days ago,Pharmaceuticals,"Financial Research - Project Manager - Columbus, Ohio",Columbus, OH
528,Abbott Laboratories,2018-07-31,9 days ago,Pharmaceuticals,SR TAX ANALYST,Abbott Park, IL
529,Abbott Laboratories,2018-07-10,30+ days ago,Pharmaceuticals,Senior Specialist Procurement - Marketing Services,Abbott Park, IL
530,Abbott Laboratories,2018-07-10,30+ days ago,Pharmaceuticals,"Global Director, Business & Lab Operations Process Specialist",Lake Forest, IL
531,Abbott Laboratories,2018-07-10,30+ days ago,Pharmaceuticals,Process Optimization Engineer - Molding,Abbott Park, IL
532,Abbott Laboratories,2018-08-03,6 days ago,Pharmaceuticals,Cloud Architect,Abbott Park, IL
533,Abbott Laboratories,2018-07-10,30+ days ago,Pharmaceuticals,Manufacturing Process Engineer - PCBA and SMT Functional Test,Abbott Park, IL
534,Abbott Laboratories,2018-07-26,14 days ago,Pharmaceuticals,"Sr. Analyst IT Compliance, Data Privacy",Waukegan, IL
535,Abbott Laboratories,2018-08-01,8 days ago,Pharmaceuticals,"Sr. Manager, IT & Quality Controls",Waukegan, IL
536,Abbott Laboratories,2018-07-11,29 days ago,Pharmaceuticals,Sr. Statistician,Irving, TX
537,Abbott Laboratories,2018-07-10,30+ days ago,Pharmaceuticals,Principal Process Engineer,Des Plaines, IL
538,Abbott Laboratories,2018-07-19,21 days ago,Pharmaceuticals,Data Engineer,Chicago, IL
539,Abbott Laboratories,2018-07-10,30+ days ago,Pharmaceuticals,Sr. CRA - Clinical Research Associate - In-House,Saint Paul, MN
540,Abbott Laboratories,2018-07-18,22 days ago,Pharmaceuticals,Embedded Software Engineer,Alameda, CA
541,Abbott Laboratories,2018-07-21,19 days ago,Pharmaceuticals,"Director, Regulatory Operations",Sylmar, CA
542,Abbott Laboratories,2018-08-07,2 days ago,Pharmaceuticals,"Capital Projects, Sr Project Engineer - Columbus Ohio",Columbus, OH
543,Abbott Laboratories,2018-07-28,12 days ago,Pharmaceuticals,Principal Systems Engineer,Sunnyvale, CA
544,Abbott Laboratories,2018-07-10,30+ days ago,Pharmaceuticals,Senior Field Clinical Research Associate- Indianapolis,Indianapolis, IN
545,Abbott Laboratories,2018-07-10,30+ days ago,Pharmaceuticals,"Field Service Technicain (Hematology ) Location: Nashville, IL",Nashville, TN
546,Abbott Laboratories,2018-07-10,30+ days ago,Pharmaceuticals,"Manager, Quality Engineering",Portland, OR
547,Abbott Laboratories,2018-07-25,15 days ago,Pharmaceuticals,"SQL Database Administrator in Hollywood, FL",Hollywood, FL
548,Abbott Laboratories,2018-07-10,30+ days ago,Pharmaceuticals,Senior Analyst Business Systems,Waukegan, IL
549,Abbott Laboratories,2018-07-10,30+ days ago,Pharmaceuticals,Manager R&D Model Development,Santa Clara, CA
550,Abbott Laboratories,2018-07-10,30+ days ago,Pharmaceuticals,Global Senior Product Manager,Lake Forest, IL
551,Abbott Laboratories,2018-07-10,30+ days ago,Pharmaceuticals,Senior Manager IT Capacity,Waukegan, IL
552,Abbott Laboratories,2018-07-10,30+ days ago,Pharmaceuticals,Electrical Engineer 1,Sylmar, CA
553,Abbott Laboratories,2018-07-10,30+ days ago,Pharmaceuticals,"Third Party Manufacturing (TPM) QA Program Manager - Columbus, Ohio",Columbus, OH
554,Abbott Laboratories,2018-08-02,7 days ago,Pharmaceuticals,Principal Engineer-Project Mananger,Abbott Park, IL
555,Abbott Laboratories,2018-07-10,30+ days ago,Pharmaceuticals,Supervisor Maintenance -Day Shift,Columbus, OH
556,Abbott Laboratories,2018-07-21,19 days ago,Pharmaceuticals,Sr. Software Test Manager,Irving, TX
557,Abbott Laboratories,2018-07-10,30+ days ago,Pharmaceuticals,Senior Scientist Technical Support,Abbott Park, IL
558,Abbott Laboratories,2018-08-03,6 days ago,Pharmaceuticals,"Manager, Field Clinical Engineering",Pleasanton, CA
559,Abbott Laboratories,2018-07-31,9 days ago,Pharmaceuticals,Supplier Development Quality Engineer II,Plymouth, MN
560,Abbott Laboratories,2018-07-10,30+ days ago,Pharmaceuticals,"Workday Business Analyst, Talent Acquisition",Abbott Park, IL
561,Abbott Laboratories,2018-07-10,30+ days ago,Pharmaceuticals,SR Demand Manager,Waukegan, IL
562,Abbott Laboratories,2018-07-10,30+ days ago,Pharmaceuticals,Sr. QA Auditor,Princeton, NJ
563,Abbott Laboratories,2018-07-17,23 days ago,Pharmaceuticals,"Manager, Regulatory Affairs",Irving, TX
564,Abbott Laboratories,2018-07-10,30+ days ago,Pharmaceuticals,Information Systems Manager,Gurnee, IL
565,Abbott Laboratories,2018-07-10,30+ days ago,Pharmaceuticals,Test & Controls Engineer II,Pleasanton, CA
566,Abbott Laboratories,2018-07-14,26 days ago,Pharmaceuticals,Senior Field Clinical Engineer- Charleston (SC),Charleston, SC
567,Abbott Laboratories,2018-07-26,14 days ago,Pharmaceuticals,"Global Program Manager, Master Black Belt",Des Plaines, IL
568,Abbott Laboratories,2018-07-10,30+ days ago,Pharmaceuticals,"Manager, Engineering- Manufacturing",Temecula, CA
569,Abbott Laboratories,2018-07-10,30+ days ago,Pharmaceuticals,Enterprise Account Manager (Chicago),Chicago, IL
570,Abbott Laboratories,2018-07-10,30+ days ago,Pharmaceuticals,"Sr Manager , Quality Customer Support",Sylmar, CA
571,Abbott Laboratories,2018-07-10,30+ days ago,Pharmaceuticals,Manager Category Procurement,Waukegan, IL
572,Abbott Laboratories,2018-07-10,30+ days ago,Pharmaceuticals,User Experience Design Analyst,Chicago, IL
573,Abbott Laboratories,2018-07-26,14 days ago,Pharmaceuticals,"Customer Experience / District Sales Manager (Charlotte, NC)",Charlotte, NC
574,Abbott Laboratories,2018-07-10,30+ days ago,Pharmaceuticals,"Manager, Market Research, Transfusion Medicine",Lake Forest, IL
575,Abbott Laboratories,2018-08-02,7 days ago,Pharmaceuticals,Staff R & D Process Engineer,Tucson, AZ
576,Abbott Laboratories,2018-07-10,30+ days ago,Pharmaceuticals,"Clinical Specialist Structural Heart - MitraClip - Louisiana an Mobile, AL",New Orleans, LA
577,Abbott Laboratories,2018-07-10,30+ days ago,Pharmaceuticals,Global Service Trainer - Facilities Engineering,Dallas, TX
578,Abbott Laboratories,2018-08-02,7 days ago,Pharmaceuticals,Principal R&D Engineer,Saint Paul, MN
579,Abbott Laboratories,2018-07-10,30+ days ago,Pharmaceuticals,NetworkTechnician Engineer,Abbott Park, IL
580,Abbott Laboratories,2018-07-10,30+ days ago,Pharmaceuticals,Technical Solutions Design Lead,Abbott Park, IL
581,Abbott Laboratories,2018-07-10,30+ days ago,Pharmaceuticals,Application Architect,Abbott Park, IL
582,Abbott Laboratories,2018-07-10,30+ days ago,Pharmaceuticals,Clinical Research Scientist,Austin, TX
583,Abbott Laboratories,2018-07-10,30+ days ago,Pharmaceuticals,Sr. EHS Specialist,Westford, MA
584,Abbott Laboratories,2018-07-28,12 days ago,Pharmaceuticals,Manager Financial Reporting CFS,Lake Forest, IL
585,Abbott Laboratories,2018-07-10,30+ days ago,Pharmaceuticals,Technician II Line Maintenance (2nd shift),Minnetonka, MN
586,Abbott Laboratories,2018-07-10,30+ days ago,Pharmaceuticals,Sr Specialist IT Technical,Waukegan, IL
587,Abbott Laboratories,2018-07-10,30+ days ago,Pharmaceuticals,Staff Facilities Sustainability Engineer,Plymouth, MN
588,Abbott Laboratories,2018-07-10,30+ days ago,Pharmaceuticals,Business Insights Manager,Alameda, CA
589,Abbott Laboratories,2018-07-10,30+ days ago,Pharmaceuticals,Senior Quality Engineer - Risk Assessment,Temecula, CA
590,Abbott Laboratories,2018-07-12,28 days ago,Pharmaceuticals,Manager Branding and Channel Marketing,Santa Clara, CA
591,Abbott Laboratories,2018-07-10,30+ days ago,Pharmaceuticals,Senior Paralegal - Commercial Litigation,Abbott Park, IL
592,Abbott Laboratories,2018-07-10,30+ days ago,Pharmaceuticals,"Hematology Sales Specialist (NE, US)",Englewood, NJ
593,Abbott Laboratories,2018-07-10,30 days ago,Pharmaceuticals,Sr. Business Analyst,Columbus, OH
594,Abbott Laboratories,2018-07-14,26 days ago,Pharmaceuticals,Manager Financial Planning and Analysis,Plymouth, MN
595,Abbott Laboratories,2018-08-02,7 days ago,Pharmaceuticals,Sr. Medical/Scientific Research Specialist,Austin, TX
596,Abbott Laboratories,2018-07-10,30+ days ago,Pharmaceuticals,Senior Clinical Engineer,Menlo Park, CA
597,Abbott Laboratories,2018-07-10,30+ days ago,Pharmaceuticals,"Senior Counsel, Regulatory",Abbott Park, IL
598,Abbott Laboratories,2018-07-10,30+ days ago,Pharmaceuticals,Basis Application Architect,Abbott Park, IL
599,Abbott Laboratories,2018-07-10,30+ days ago,Pharmaceuticals,"Manager, US Strategic Selling and Leadership Development",Abbott Park, IL
600,Abbott Laboratories,2018-07-10,30+ days ago,Pharmaceuticals,Automation Maintenance Engineer,Abbott Park, IL
601,Abbott Laboratories,2018-07-10,30+ days ago,Pharmaceuticals,Manager Technical Engineering,Abbott Park, IL
602,Abbott Laboratories,2018-07-10,30+ days ago,Pharmaceuticals,Field Clinical Engineer - Executive Clinical Education Specialist,Abbott Park, IL
603,Abbott Laboratories,2018-08-02,7 hours ago,Pharmaceuticals,Sr Electrical Engineer,Abbott Park, IL
604,Abbott Laboratories,2018-07-10,30+ days ago,Pharmaceuticals,"Category Lead, Procurement",Abbott Park, IL
605,Abbott Laboratories,2018-07-10,30+ days ago,Pharmaceuticals,Staff Quality Systems Engineer,Pleasanton, CA
606,Abbott Laboratories,2018-08-03,6 days ago,Pharmaceuticals,Sr. SQL DBA,Sylmar, CA
607,Abbott Laboratories,2018-07-10,30+ days ago,Pharmaceuticals,Clinical SAS Programmer,Saint Paul, MN
608,Abbott Laboratories,2018-07-10,30+ days ago,Pharmaceuticals,"Sr. MarCom Specialist, CRM",Austin, TX
609,Abbott Laboratories,2018-07-10,30+ days ago,Pharmaceuticals,Senior Sales Operations Analyst - Structural Heart,Santa Clara, CA
610,Abbott Laboratories,2018-07-10,30+ days ago,Pharmaceuticals,Project Management - Principal Engineer,Abbott Park, IL
611,Abbott Laboratories,2018-08-03,6 days ago,Pharmaceuticals,"Senior R&D Engineer, Mechanical",Plymouth, MN
612,Abbott Laboratories,2018-07-10,30+ days ago,Pharmaceuticals,Manager Maintenance Engineering,Abbott Park, IL
613,Abbott Laboratories,2018-07-19,21 days ago,Pharmaceuticals,Sr. Reliability Engineer,Irving, TX
614,Abbott Laboratories,2018-07-10,30+ days ago,Pharmaceuticals,Quality Manager - Process Validations,Westford, MA
615,Abbott Laboratories,2018-07-10,30+ days ago,Pharmaceuticals,"Division Counsel, Patent & Intellectual Property",Alameda, CA
616,Abbott Laboratories,2018-07-10,30+ days ago,Pharmaceuticals,Category Procurement Lead - Packaging,Abbott Park, IL
617,Abbott Laboratories,2018-08-07,2 days ago,Pharmaceuticals,Sr. Software Engineer,Lake Forest, IL
618,Abbott Laboratories,2018-07-10,30+ days ago,Pharmaceuticals,"Director of Marketing, ADC CALA Area",Alameda, CA
619,Abbott Laboratories,2018-07-10,30+ days ago,Pharmaceuticals,Sr. Manufacturing Engineer - Mechanical,Pleasanton, CA
620,Abbott Laboratories,2018-07-24,16 days ago,Pharmaceuticals,EHS and Facilities Manager,Westford, MA
621,Abbott Laboratories,2018-07-10,30+ days ago,Pharmaceuticals,Sr. Quality Engineer- Supplier Quality,Temecula, CA
622,Abbott Laboratories,2018-08-03,6 days ago,Pharmaceuticals,Sr. Manufacturing Process Engineer,Altavista, VA
623,Abbott Laboratories,2018-07-10,30+ days ago,Pharmaceuticals,Informatics UX Designer,Lake Forest, IL
624,Abbott Laboratories,2018-07-10,30+ days ago,Pharmaceuticals,Global Product Manager Mechanical Valves,Plymouth, MN
625,Abbott Laboratories,2018-07-10,30+ days ago,Pharmaceuticals,Strategy and Relationship Manager (Marketing and R&D),Alameda, CA
626,Abbott Laboratories,2018-07-24,16 days ago,Pharmaceuticals,"Senior Project Leader - -Quality Assurance - Columbus, Ohio",Columbus, OH
627,Abbott Laboratories,2018-07-19,21 days ago,Pharmaceuticals,"Engineer II, Firmware",Plano, TX
628,Abbott Laboratories,2018-07-10,30+ days ago,Pharmaceuticals,Market Research Manager – Secondary Analytics,Columbus, OH
629,Abbott Laboratories,2018-07-10,30+ days ago,Pharmaceuticals,IT Operations – Client Services Consultant - CRM (Salesforce.com),Waukegan, IL
630,Abbott Laboratories,2018-08-01,8 days ago,Pharmaceuticals,"Senior Field Clinical Engineer, AF",Baltimore, MD
631,Abbott Laboratories,2018-07-10,30+ days ago,Pharmaceuticals,Sr R & D Engineer,Westford, MA
632,Abbott Laboratories,2018-07-10,30+ days ago,Pharmaceuticals,Principal Clinical Research Scientist- EP,Plymouth, MN
633,Abbott Laboratories,2018-07-10,30+ days ago,Pharmaceuticals,"Division Counsel, Global Healthcare Compliance",Abbott Park, IL
634,Abbott Laboratories,2018-07-10,30+ days ago,Pharmaceuticals,"Enterprise Account Manager (Washington, DC )",Abbott Park, IL
635,Abbott Laboratories,2018-07-10,30+ days ago,Pharmaceuticals,"Manager, Manufacturing Engineering",Pleasanton, CA
636,Abbott Laboratories,2018-07-10,30+ days ago,Pharmaceuticals,"Manager, Data Analytics",Lake Forest, IL
637,Abbott Laboratories,2018-07-10,30+ days ago,Pharmaceuticals,"Senior Specialist, International Regulatory Affairs",Pleasanton, CA
638,Abbott Laboratories,2018-07-10,30+ days ago,Pharmaceuticals,Global Product Manager Endovascular,Santa Clara, CA
639,Abbott Laboratories,2018-07-10,30+ days ago,Pharmaceuticals,Sr. MES Developer,Plymouth, MN
640,Abbott Laboratories,2018-07-10,30+ days ago,Pharmaceuticals,Project Manager - Certified Black Belt Practitioner,Temecula, CA
641,Abbott Laboratories,2018-07-10,30+ days ago,Pharmaceuticals,"Senior Field Clinical Procedure Specialist, EP- Midwest",Abbott Park, IL
642,Abbott Laboratories,2018-07-27,13 days ago,Pharmaceuticals,Manager Global Commercial New Product Planning,Lake Forest, IL
643,Abbott Laboratories,2018-07-26,14 days ago,Pharmaceuticals,"Application Architect, Corporate Services Solutions",Abbott Park, IL
644,Abbott Laboratories,2018-07-10,30+ days ago,Pharmaceuticals,Global Manager Quality IT Systems,Abbott Park, IL
645,Abbott Laboratories,2018-07-10,30+ days ago,Pharmaceuticals,"Project Manager, Digital Products",Alameda, CA
646,Abbott Laboratories,2018-07-10,30+ days ago,Pharmaceuticals,Senior Regional Account Manager Market Access New England - Abbott Diabetes Care,Boston, MA
647,Abbott Laboratories,2018-07-10,30+ days ago,Pharmaceuticals,Sr. Occupational Health Nurse,Fairfield, CA
648,Abbott Laboratories,2018-07-10,30+ days ago,Pharmaceuticals,Engineer Manager II,Des Plaines, IL
649,Abbott Laboratories,2018-07-10,30+ days ago,Pharmaceuticals,"Regulatory Affairs Project Manager, Medical Devices",Santa Clara, CA
650,Abbott Laboratories,2018-07-26,14 days ago,Pharmaceuticals,Technical Solutions Design Specialist - Automation,Abbott Park, IL
651,Abbott Laboratories,2018-07-24,16 days ago,Pharmaceuticals,"Sr Production Supervisor (Sr Front Line Leader) - Casa Grande, AZ Plant (Off Shift)",Casa Grande, AZ
652,Abbott Laboratories,2018-07-19,21 days ago,Pharmaceuticals,IT Senior Program Manager,Abbott Park, IL
653,Abbott Laboratories,2018-07-10,30+ days ago,Pharmaceuticals,"Senior Manager, Global Talent, Diversity and Inclusion",Abbott Park, IL
654,Abbott Laboratories,2018-07-10,30+ days ago,Pharmaceuticals,"Auditor, Global Compliance Audit",Alameda, CA
655,Abbott Laboratories,2018-07-24,16 days ago,Pharmaceuticals,"Compliance Senior Manager, Rapid Diagnostics",Lake Forest, IL
656,Abbott Laboratories,2018-07-27,13 days ago,Pharmaceuticals,Principal Product Design & Molding Engineer,Lake Forest, IL
657,Abbott Laboratories,2018-07-10,30+ days ago,Pharmaceuticals,"Maintenance Front Line Lead Supervisor - Casa Grande, AZ Plant",Casa Grande, AZ
658,Abbott Laboratories,2018-07-10,30+ days ago,Pharmaceuticals,Technical Solutions Design Specialist - Informatics,Abbott Park, IL
659,Abbott Laboratories,2018-07-28,12 days ago,Pharmaceuticals,Global Marketing Manager - Oncology Line of Business,Lake Forest, IL
660,Abbott Laboratories,2018-07-31,9 days ago,Pharmaceuticals,Border/WAN Engineer – Technical Specialist Infrastructure,Abbott Park, IL
661,Abbott Laboratories,2018-07-10,30+ days ago,Pharmaceuticals,"Senior Instrumentation Engineer, Hematology Diagnostics",Santa Clara, CA
662,Abbott Laboratories,2018-07-10,30+ days ago,Pharmaceuticals,Senior Paralegal – IP/Commercial Litigation,Abbott Park, IL
663,Abbott Laboratories,2018-07-10,30+ days ago,Pharmaceuticals,IT Business Relationship Manager- Supply Chain Planning,Abbott Park, IL
664,Abbott Laboratories,2018-07-10,30+ days ago,Pharmaceuticals,Senior Paralegal – Labor & Employment/Commercial Litigation,Abbott Park, IL
665,Abbott Laboratories,2018-07-10,30+ days ago,Pharmaceuticals,Principal Data Scientist,Des Plaines, IL
666,Abbott Laboratories,2018-07-10,30+ days ago,Pharmaceuticals,"Senior Field Clinical Procedure Specialist, EP",Abbott Park, IL
667,Abbott Laboratories,2018-07-10,30+ days ago,Pharmaceuticals,Salesforce Project Manager,Waukegan, IL
668,Abbott Laboratories,2018-07-10,30+ days ago,Pharmaceuticals,Sr. Product Manager,Santa Clara, CA
669,Abbott Laboratories,2018-07-11,29 days ago,Pharmaceuticals,Sr. Project Leader Design Assurance - Columbus Ohio,Columbus, OH
670,Abbott Laboratories,2018-07-10,30+ days ago,Pharmaceuticals,Senior Manufacturing Engineer- Project Management,Temecula, CA
671,Abbott Laboratories,2018-08-02,7 days ago,Pharmaceuticals,Senior Financial Auditor II,Abbott Park, IL
672,Abbott Laboratories,2018-07-10,30+ days ago,Pharmaceuticals,Hospitalist MD(Technical Solutions Design Specialist - Clinical),Abbott Park, IL
673,Abbott Laboratories,2018-07-10,30+ days ago,Pharmaceuticals,"Team Leader - Technical Solutions Design Specialist, Northeast",Abbott Park, IL
674,Abbott Laboratories,2018-07-10,30+ days ago,Pharmaceuticals,R&D Electrical Engineer,Westford, MA
675,Abbott Laboratories,2018-07-20,20 days ago,Pharmaceuticals,Sr. Quality Engineer (PHP Device),Temecula, CA
676,Abbott Laboratories,2018-08-02,7 days ago,Pharmaceuticals,"Manager, Clinical Affairs Operations, Hematology/IVD Diagnostics",Santa Clara, CA
677,Abbott Laboratories,2018-07-14,26 days ago,Pharmaceuticals,Senior SCCM Engineer,Saint Paul, MN
678,Abbott Laboratories,2018-07-10,30+ days ago,Pharmaceuticals,"IT Business Relationship Manager, Supply Chain Operations",Alameda, CA
679,Abbott Laboratories,2018-07-19,21 days ago,Pharmaceuticals,"Manager, Advanced Analytics",Lake Forest, IL
680,Abbott Laboratories,2018-07-10,30+ days ago,Pharmaceuticals,"Senior IT Manager, Digital Planning and Strategy",Abbott Park, IL
681,Abbott Laboratories,2018-07-10,30+ days ago,Pharmaceuticals,Principal Engineer - Project Management,Alameda, CA
682,Abbott Laboratories,2018-07-10,30+ days ago,Pharmaceuticals,Staff Quality Engineer - Cybersecurity,Westford, MA
683,Abbott Laboratories,2018-07-10,30+ days ago,Pharmaceuticals,Sr. Product Manager Structural Heart,Santa Clara, CA
684,Abbott Laboratories,2018-07-10,30+ days ago,Pharmaceuticals,Sr. Third Party Manufacturing Process Engineer – Packaging,Abbott Park, IL
685,Abbott Laboratories,2018-07-10,30+ days ago,Pharmaceuticals,"Senior Engineer, Software Verification",Plano, TX
686,Abbott Laboratories,2018-07-26,14 days ago,Pharmaceuticals,Manager Electrical Engineering,Scottsdale, AZ
687,Abbott Laboratories,2018-07-10,30+ days ago,Pharmaceuticals,Enterprise Account Manager / REFERENCE LAB (West US),Las Vegas, NV
688,Abbott Laboratories,2018-07-10,30+ days ago,Pharmaceuticals,Multi Craft Mechanic Technician III (12 HR Night Shift),Columbus, OH
689,Abbott Laboratories,2018-07-10,30+ days ago,Pharmaceuticals,Financial Manager e-Commerce,Columbus, OH
690,Abbott Laboratories,2018-07-10,30+ days ago,Pharmaceuticals,Program Manager - New Product Development for EP Systems,Saint Paul, MN
691,Abbott Laboratories,2018-07-10,30+ days ago,Pharmaceuticals,Director Regulatory Affairs,Santa Clara, CA
692,Abbott Laboratories,2018-08-01,8 days ago,Pharmaceuticals,"Senior Product Manager, Chronic Pain Therapies, Americas",Austin, TX
693,Abbott Laboratories,2018-07-27,13 days ago,Pharmaceuticals,Salesforce Service IT Project Manager,Waukegan, IL
694,Abbott Laboratories,2018-07-10,30+ days ago,Pharmaceuticals,Global Product Manager,Alameda, CA
695,Abbott Laboratories,2018-07-10,30+ days ago,Pharmaceuticals,Sr. Informatics Test Lead,Lake Forest, IL
696,Abbott Laboratories,2018-07-24,16 days ago,Pharmaceuticals,"Senior IT Program Manager, Corporate Services Solutions",Abbott Park, IL
697,Abbott Laboratories,2018-07-10,30+ days ago,Pharmaceuticals,"Senior Manager, Brand & Digital Marketing",Lake Forest, IL
698,Abbott Laboratories,2018-07-10,30+ days ago,Pharmaceuticals,Software Engineer II- Clinical Research,Sylmar, CA
699,Abbott Laboratories,2018-07-31,9 days ago,Pharmaceuticals,"Senior Engineer, Technical Product Development",Santa Clara, CA
700,Abbott Laboratories,2018-07-10,30+ days ago,Pharmaceuticals,"Senior Manager, Supply Chain and Operations",Alameda, CA
701,Abbott Laboratories,2018-07-10,30+ days ago,Pharmaceuticals,"Senior Field Clinical Procedire Specialist, EP- West",Abbott Park, IL
702,Abbott Laboratories,2018-07-10,30+ days ago,Pharmaceuticals,"Global Marketing Manager, Coagulation",Santa Clara, CA
703,Abbott Laboratories,2018-07-10,30+ days ago,Pharmaceuticals,Principal Statistical Analyst (R Programming),Abbott Park, IL
704,Abbott Laboratories,2018-07-10,30+ days ago,Pharmaceuticals,Clinical Data Analyst II,Burlington, MA
705,Abbott Laboratories,2018-07-27,13 days ago,Pharmaceuticals,Sr R & D Engineer - Design/Development,Saint Paul, MN
706,Abbott Laboratories,2018-07-10,30+ days ago,Pharmaceuticals,Sr. Process Development Engineer,Plymouth, MN
707,Abbott Laboratories,2018-07-10,30+ days ago,Pharmaceuticals,Quality Systems IT Business Consultant,Alameda, CA
708,Abbott Laboratories,2018-07-10,30+ days ago,Pharmaceuticals,Staff Electrical Development Quality Engineer,Sylmar, CA
709,Abbott Laboratories,2018-07-10,30+ days ago,Pharmaceuticals,Sr. Quality Engineer- Electro Mechanical,Temecula, CA
710,Abbott Laboratories,2018-07-10,30+ days ago,Pharmaceuticals,Principal Clinical Scientist,Burlington, MA
711,Abbott Laboratories,2018-07-10,30+ days ago,Pharmaceuticals,ADC Finance Supervisor - Cash Flow Analytics,Alameda, CA
712,Abbott Laboratories,2018-07-10,30+ days ago,Pharmaceuticals,Field Service Engineer (Customer Support Specialist) Location: New York City,New York, NY
713,Abbott Laboratories,2018-07-10,30+ days ago,Pharmaceuticals,IT SR PROGRAM MGR - Supply Chain Solutions,Waukegan, IL
714,Abbott Laboratories,2018-07-10,30+ days ago,Pharmaceuticals,Principal Professional Quality - Supplier Quality Engineer,Des Plaines, IL
715,Abbott Laboratories,2018-07-10,30+ days ago,Pharmaceuticals,"Program Marketing Manager, Healthcare Economics & Reimbursement",Austin, TX
716,Abbott Laboratories,2018-07-21,19 days ago,Pharmaceuticals,Sr Platform Engineer,Chicago, IL
717,Abbott Laboratories,2018-07-27,13 days ago,Pharmaceuticals,Manager Financial Reporting,Abbott Park, IL
718,Abbott Laboratories,2018-07-10,30+ days ago,Pharmaceuticals,Industrial Engineer or Mechanical Engineer,Columbus, OH
719,Abbott Laboratories,2018-07-10,30+ days ago,Pharmaceuticals,"Senior Engineer, Manufacturing Engineering",Plano, TX
720,Abbott Laboratories,2018-07-10,30+ days ago,Pharmaceuticals,Manager - Healthcare TSD (Technical Solutions Design),Abbott Park, IL
721,Abbott Laboratories,2018-07-12,28 days ago,Pharmaceuticals,Senior Incident Response Analyst,Saint Paul, MN
722,Abbott Laboratories,2018-07-10,30+ days ago,Pharmaceuticals,Principal Engineer - Machine Learning,Westford, MA
723,Abbott Laboratories,2018-07-10,30+ days ago,Pharmaceuticals,"Engineer II, Systems, MRI Safety",Sylmar, CA
724,Abbott Laboratories,2018-07-21,19 days ago,Pharmaceuticals,"Sr. Project Manager, Software Engineering",Irving, TX
725,Abbott Laboratories,2018-07-10,30+ days ago,Pharmaceuticals,Threat and Vulnerability Management Senior Manager,Abbott Park, IL
726,Abbott Laboratories,2018-08-01,8 days ago,Pharmaceuticals,"Senior Auditor, Global IT Audit",Abbott Park, IL
727,Abbott Laboratories,2018-07-10,30+ days ago,Pharmaceuticals,Sr Manager Clinical Research,Saint Paul, MN
728,Abbott Laboratories,2018-07-10,30+ days ago,Pharmaceuticals,Sr. Technical Support Engineer,Santa Clara, CA
729,Abbott Laboratories,2018-07-10,30+ days ago,Pharmaceuticals,Salesforce Senior Analyst Business Systems,Waukegan, IL
730,Abbott Laboratories,2018-07-10,30+ days ago,Pharmaceuticals,Sr. Systems Integration Engineer,Santa Clara, CA
731,Abbott Laboratories,2018-07-10,30+ days ago,Pharmaceuticals,"Senior Regional Account Manager - Market Access, ADC",Houston, TX
732,Abbott Laboratories,2018-07-19,21 days ago,Pharmaceuticals,Staff Embedded Electrical Engineer,Plano, TX
733,Abbott Laboratories,2018-07-14,26 days ago,Pharmaceuticals,Senior Systems / Design/Product Development Engineer,Princeton, NJ
734,Abbott Laboratories,2018-07-10,30+ days ago,Pharmaceuticals,Principal Algorithm Engineer,Santa Clara, CA
735,Abbott Laboratories,2018-07-10,30+ days ago,Pharmaceuticals,"Sr. Analyst, Advanced Analytics",Columbus, OH
736,Abbott Laboratories,2018-08-03,6 days ago,Pharmaceuticals,"Sr. Network Engineer, Product Technology",Saint Paul, MN
737,Abbott Laboratories,2018-07-10,30+ days ago,Pharmaceuticals,"SAP Basis Administrator, Senior Specialist",Minnetonka, MN
738,Abbott Laboratories,2018-07-10,30 days ago,Pharmaceuticals,Quality Engineer II (Electro-Mechanical),Westford, MA
739,Abbott Laboratories,2018-07-17,23 days ago,Pharmaceuticals,Senior Network Technicain Engineer,Abbott Park, IL
740,Abbott Laboratories,2018-07-10,30+ days ago,Pharmaceuticals,"Global Marketing Manager, Hematology",Santa Clara, CA
741,Abbott Laboratories,2018-07-10,30+ days ago,Pharmaceuticals,"Digital Solutions Program Manager (Scrum, Agile, SAFe)",Chicago, IL
742,Abbott Laboratories,2018-07-10,30+ days ago,Pharmaceuticals,Sr Manager Engineering & Maintenance - Columbus OH Plant,Columbus, OH
743,Abbott Laboratories,2018-08-01,8 days ago,Pharmaceuticals,Cloud Software Architect,Lake Forest, IL
744,Abbott Laboratories,2018-07-25,15 days ago,Pharmaceuticals,Senior Manager of Digital Platform Engineering,Chicago, IL
745,Abbott Laboratories,2018-07-10,30+ days ago,Pharmaceuticals,"IT Business Relationship Manager, Director, Digital",Columbus, OH
746,Abbott Laboratories,2018-07-10,30+ days ago,Pharmaceuticals,Sr. Pricing & Contracting Analyst,Austin, TX
747,Abbott Laboratories,2018-07-10,30+ days ago,Pharmaceuticals,Sr. Software Development Quality Engineer - ATE,Plano, TX
748,Abbott Laboratories,2018-07-10,30+ days ago,Pharmaceuticals,Sr. Software Development Quality Engineer,Plano, TX
749,Abbott Laboratories,2018-07-10,30+ days ago,Pharmaceuticals,Infrastructure Architect - Identity/Authentication Technologies,Abbott Park, IL
750,Abbott Laboratories,2018-07-10,30+ days ago,Pharmaceuticals,"Sr Manager, Strategic Business Insights",Alameda, CA
751,Abbott Laboratories,2018-07-10,30 days ago,Pharmaceuticals,Senior Development Quality Engineer - Reliability,Plano, TX
752,Abbott Laboratories,2018-07-10,30+ days ago,Pharmaceuticals,Program Manager - CRM & Database Operations,Columbus, OH
753,Abbott Laboratories,2018-07-10,30+ days ago,Pharmaceuticals,"Sr. Global Training Manager - Sales Systems, Salesforce.com",Lake Forest, IL
754,Abbott Laboratories,2018-07-10,30+ days ago,Pharmaceuticals,Sr. Software Systems Engineer,Irving, TX
755,Abbott Laboratories,2018-07-10,30+ days ago,Pharmaceuticals,Third Party Manufacturing - Process Engineering Manager,Abbott Park, IL
756,Abbott Laboratories,2018-07-10,30+ days ago,Pharmaceuticals,Senior Quality Engineer - Electrical,Sunnyvale, CA
757,Abbott Laboratories,2018-07-10,30+ days ago,Pharmaceuticals,Global Marketing Product Manager for MitraClip,Santa Clara, CA
758,Abbott Laboratories,2018-07-10,30+ days ago,Pharmaceuticals,"Sr. Manager, Systems Engineering, Diagnostics",Santa Clara, CA
759,Abbott Laboratories,2018-07-10,30+ days ago,Pharmaceuticals,Manager Cybersecurity Architecture,Abbott Park, IL
760,Abbott Laboratories,2018-07-10,30+ days ago,Pharmaceuticals,Senior Specialist Category Procurement - IT Infrastructure Services,Abbott Park, IL
761,Abbott Laboratories,2018-07-10,30+ days ago,Pharmaceuticals,Senior Counsel - Securities and Governance,Abbott Park, IL
762,Abbott Laboratories,2018-07-10,30+ days ago,Pharmaceuticals,Sr. Global Product Manager Endovascular,Santa Clara, CA
763,Abbott Laboratories,2018-07-10,30+ days ago,Pharmaceuticals,"Senior Counsel, Commercial Attorney - Diagnostics",Des Plaines, IL
764,Abbott Laboratories,2018-07-10,30+ days ago,Pharmaceuticals,"Manager, Business Process Audit",Saint Paul, MN
765,Abbott Laboratories,2018-07-10,30+ days ago,Pharmaceuticals,Senior Specialist Procurement - IT Managed Services Category,Waukegan, IL
766,Abbott Laboratories,2018-07-10,30+ days ago,Pharmaceuticals,Hospital Data Scientist / Data Analyst (Technical Solutions Design Specialist - Analytics),Abbott Park, IL
767,Abbott Laboratories,2018-07-10,30+ days ago,Pharmaceuticals,Senior Quality Assurance Engineer,Alameda, CA
768,Abbott Laboratories,2018-07-10,30+ days ago,Pharmaceuticals,"Regulatory Project Manager, Clinical Evaluation- Electrophysioloy",Saint Paul, MN
769,Abbott Laboratories,2018-07-10,30+ days ago,Pharmaceuticals,Network Security Architect,Waukegan, IL
770,Abbott Laboratories,2018-07-11,29 days ago,Pharmaceuticals,Third Party Manufacturing - Process Lead Engineer - Controls,Abbott Park, IL
771,Abbott Laboratories,2018-07-10,30+ days ago,Pharmaceuticals,Global Marketing Manager - Assay Execution Leader,Lake Forest, IL
772,Abbott Laboratories,2018-07-10,30+ days ago,Pharmaceuticals,Senior Digital Product Manager,Alameda, CA
773,Abbott Laboratories,2018-07-10,30+ days ago,Pharmaceuticals,Sr. Engineer Identity & Authentication Technologies,Abbott Park, IL
774,Abbott Laboratories,2018-07-10,30+ days ago,Pharmaceuticals,"Senior Sales Senior Sales Representative (LA, MS, AL)",Memphis, TN
775,Abbott Laboratories,2018-07-10,30+ days ago,Pharmaceuticals,Senior R&D Engineer (Artificial Intelligence),Westford, MA
776,Abbott Laboratories,2018-07-14,26 days ago,Pharmaceuticals,"Sr. Engineer, Systems, MRI Safety",Sylmar, CA
777,Abbott Laboratories,2018-07-10,30+ days ago,Pharmaceuticals,"Senior Quality Engineer - Packaging, Supplier Quality Assurance - Columbus OH",Columbus, OH
778,Abbott Laboratories,2018-08-01,8 days ago,Pharmaceuticals,"Principal Infrastructure Engineer, Cloud",Lake Forest, IL
779,Abbott Laboratories,2018-07-10,30+ days ago,Pharmaceuticals,Salesforce Solution Architect,Waukegan, IL
780,Abbott Laboratories,2018-07-21,19 days ago,Pharmaceuticals,Sr. Software Architecture / Systems Engineer Manager,Irving, TX
781,Abbott Laboratories,2018-07-10,30+ days ago,Pharmaceuticals,"Senior Product Manager, Consumer Marketing",Alameda, CA
782,Abbott Laboratories,2018-07-10,30+ days ago,Pharmaceuticals,"Associate Director Regulatory Affairs, Hematology Diagnostics",Santa Clara, CA
783,Abbott Laboratories,2018-07-10,30+ days ago,Pharmaceuticals,"Sr Data Engineer, Informatics",Lake Forest, IL
784,Abbott Laboratories,2018-07-10,30+ days ago,Pharmaceuticals,Principal Embedded Design Engineer,Plano, TX
785,Abbott Laboratories,2018-07-10,30+ days ago,Pharmaceuticals,"Sr Product Manager, Consumer Access",Alameda, CA
786,Abbott Laboratories,2018-07-10,30+ days ago,Pharmaceuticals,R&D Systems Engineering - Systems Design Lead,Irving, TX
787,Abbott Laboratories,2018-07-10,30+ days ago,Pharmaceuticals,Principal Software Architect Engineer,Saint Paul, MN
788,Abbott Laboratories,2018-07-10,30+ days ago,Pharmaceuticals,"DIGITAL SOLUTIONS ARCHITECT, ADOBE EXPERIENCE MANAGER (AEM)",Chicago, IL
789,Abbott Laboratories,2018-07-10,30+ days ago,Pharmaceuticals,Principal Software Engineer/Architect,Lake Forest, IL
790,Abbott Laboratories,2018-07-10,30+ days ago,Pharmaceuticals,"Category Manager, Global Procurement (IT Global Managed Services)",Waukegan, IL
791,Abbott Laboratories,2018-07-10,30+ days ago,Pharmaceuticals,Senior Manager Category Procurement - Clinical Research and R&D,Sylmar, CA
792,Abbott Laboratories,2018-07-10,30+ days ago,Pharmaceuticals,"Sr. Manager, Mechanical/Hardware Engineering",Santa Clara, CA
793,Abbott Laboratories,2018-07-10,30+ days ago,Pharmaceuticals,Senior Healthcare Financial Ops Analyst(Technical Solutions Design - Health Economics Specialist),Abbott Park, IL
794,Abbott Laboratories,2018-07-10,30+ days ago,Pharmaceuticals,Senior Healthcare Financial Ops Analyst (Technical Solutions Design Specialist - Health Economics),Abbott Park, IL
