,Company Name,Date,Date Raw,Industry,Job Title,Location,State
0,AES,2018-08-07,2 days ago,Electric Utilities,Chief Risk Officer,Harrisburg, PA
1,AES,,,Electric Utilities,Senior Internal Auditor,Harrisburg, PA
2,AES,,,Electric Utilities,Cyber Security Lead - Connected Mobility,Rochester Hills, MI
3,AES,,,Electric Utilities,Fire Alarm Technician,Lakewood, CO
4,AES,2018-07-21,19 days ago,Electric Utilities,Geo-Fencing Kern County AES Center,Bakersfield, CA
5,AES,2018-08-01,8 days ago,Electric Utilities,2018/2019 3rd Grade (AES),Riverside County, CA
6,AES,2018-07-10,30+ days ago,Electric Utilities,Texas Works Advisor I (Virtual Interview Center),Grand Prairie, TX
7,AES,2018-08-08,1 day ago,Electric Utilities,Receptionist,Fargo, ND
8,AES,2018-07-10,30+ days ago,Electric Utilities,Meter Reader - Sidney,Sidney, OH
9,AES,2018-07-10,30+ days ago,Electric Utilities,Meter Reader - Sidney,Sidney, OH
10,AES,2018-08-03,6 days ago,Electric Utilities,Administrative Assistant - AES,Irvine, CA
11,AES,2018-08-04,5 hours ago,Electric Utilities,Part Time Meter Reader ($10/hour) Greenville,Greenville, OH
12,AES,2018-07-31,9 days ago,Electric Utilities,Executive Assistant/Personal Assistant,Indianapolis, IN
13,AES,2018-07-26,14 hours ago,Electric Utilities,Air Export Agent,Chicago, IL
14,AES,,,Electric Utilities,Sept 2018 Underwriting Professional Development Program-Glendale,Glendale, CA
15,AES,,,Electric Utilities,Customs Compliance Specialist,Manteca, CA
16,AES,,,Electric Utilities,Shipping and Receiving Clerk,East Setauket, NY
17,AES,,,Electric Utilities,Treasury Adjustment Specialist,Harrisburg, PA
18,AES,2018-08-03,6 days ago,Electric Utilities,Entry level Import- Export Clerk,San Diego, CA
19,AES,2018-07-20,20 hours ago,Electric Utilities,Customer Service Representative,El Paso, TX
20,AES,2018-08-03,6 days ago,Electric Utilities,Chemist,Hanford, CA
21,AES,2018-08-02,7 days ago,Electric Utilities,Elections Clerk (Administrative Clerk I) Extra-Help/Part-Time,Stanislaus County, CA
22,AES,2018-07-21,19 hours ago,Electric Utilities,Resource Officer,Scranton, PA
23,AES,2018-07-31,9 days ago,Electric Utilities,Executive Assistant,Dayton, OH
24,AES,2018-08-08,1 day ago,Electric Utilities,Guarantor Processing Clerk,Harrisburg, PA
25,AES,2018-08-05,4 hours ago,Electric Utilities,Call Center Agent,Frankenmuth, MI
26,AES,2018-07-10,30+ days ago,Electric Utilities,Emergency Call Taker,Stanislaus County, CA
27,AES,2018-08-02,7 days ago,Electric Utilities,2018/2019 Special Education RSP (AES/PES),Riverside County, CA
28,AES,,,Electric Utilities,Truck Driver Class A,Clinton, OK
29,AES,,,Electric Utilities,Chemist,Hanford, CA
30,AES,,,Electric Utilities,BI UPDP,Centennial, CO
31,AES,,,Electric Utilities,Associate Account Manager,Madison, WI
32,AES,,,Electric Utilities,Drilling Fluids Engineer,Denver, CO
33,AES,2018-07-20,20 days ago,Electric Utilities,Texas Works Advisor I (VIC),Houston, TX
34,AES,2018-07-10,30+ days ago,Electric Utilities,"GTC Analyst, Traffic",Goleta, CA
35,AES,2018-07-20,20 days ago,Electric Utilities,"Operator, Remote Operating Control Center",North Palm Springs, CA
36,AES,2018-08-03,6 days ago,Electric Utilities,General Manager- AES,Irvine, CA
37,AES,2018-07-25,15 days ago,Electric Utilities,"Literacy Specialist, Southern California (Full-time)",,
38,AES,2018-08-02,7 days ago,Electric Utilities,Accountant II (College of Human Ecology),Manhattan, KS
39,AES,2018-07-10,30+ days ago,Electric Utilities,Probation Corrections Officer I/II,Stanislaus County, CA
40,AES,2018-07-20,20 days ago,Electric Utilities,"Operator, Remote Operating Control Center (ROCC)",North Palm Springs, CA
41,AES,2018-08-07,2 days ago,Electric Utilities,Shipping / Assembly / Warehouse,Costa Mesa, CA
42,AES,2018-08-05,4 days ago,Electric Utilities,Medical Elig Spec I,Bellville, TX
43,AES,2018-07-23,17 hours ago,Electric Utilities,Systems Administrator,Washington, DC
44,AES,,,Electric Utilities,"Account Executive, Construction Business Center",Centennial, CO
45,AES,,,Electric Utilities,Account Executive,Irvine, CA
46,AES,,,Electric Utilities,SalesForce.Solution Architect - Remote Plus Travel,Carlsbad, CA
47,AES,,,Electric Utilities,Order Processing Coordinator,Westbury, NY
48,AES,2018-07-10,30+ days ago,Electric Utilities,Part-Time Meter Reader - Marysville,Marysville, OH
49,AES,2018-08-08,1 day ago,Electric Utilities,Recruiting Assistant,Glendora, CA
50,AES,2018-07-10,30+ days ago,Electric Utilities,Hospital Based Worker I,Temple, TX
51,AES,2018-07-28,12 hours ago,Electric Utilities,Sales Administrator,Anaheim, CA
52,AES,2018-07-10,30+ days ago,Electric Utilities,AES Dishwasher and Kitchen Worker,Aspen, CO
53,AES,2018-07-15,25 days ago,Electric Utilities,Cannabis Chemist,Las Vegas, NV
54,AES,2018-08-08,1 day ago,Electric Utilities,Sept '18 Underwriting Development Program-Environmental-NYC,New York, NY
55,AES,2018-07-10,30+ days ago,Electric Utilities,Traffic Associate,Huntington Beach, CA
56,AES,2018-07-11,29 days ago,Electric Utilities,Transloader,Kermit, TX
57,AES,2018-08-08,1 day ago,Electric Utilities,Shipping & Receiving Clerk,,
58,AES,,,Electric Utilities,Freight Forwarder Operations,Jamaica, NY
59,AES,,,Electric Utilities,Alarm Service Technician,Riverside, CA
60,AES,,,Electric Utilities,B2B Account Executive,Philadelphia, PA
61,AES,2018-08-04,5 days ago,Electric Utilities,BOP Operator,Kapolei, HI
62,AES,2018-08-03,6 days ago,Electric Utilities,Marketing & Promotions Coordinator,Fresno, CA
63,AES,2018-07-27,13 days ago,Electric Utilities,HERs Rater,Oakley, CA
64,AES,2018-07-28,12 days ago,Electric Utilities,Customer Service Representative,Saint Petersburg, FL
65,AES,2018-07-10,30+ days ago,Electric Utilities,Part-time Meter Reader,Bellefontaine, OH
66,AES,2018-07-10,30+ days ago,Electric Utilities,Order Editor,Sterling, IL
67,AES,2018-07-26,14 days ago,Electric Utilities,National Promotions Coordinator,Los Angeles, CA
68,AES,2018-08-01,8 days ago,Electric Utilities,Material Handler (Shipping Support),Livermore, CA
69,AES,2018-08-07,2 days ago,Electric Utilities,Cashier,Cuyahoga Falls, OH
70,AES,2018-07-24,16 days ago,Electric Utilities,Import/Export Assistant,Bridgewater, VA
71,AES,,,Electric Utilities,Media Account Coordinator,Jacksonville, FL
72,AES,2018-08-08,1 day ago,Electric Utilities,Networking Training Technical Program Manager,Santa Clara, CA
73,AES,,,Electric Utilities,"Sales Assistant - New York, NY",New York, NY
74,AES,,,Electric Utilities,Sales Manager,Cleveland, OH
75,AES,,,Electric Utilities,Export Specialist,Irvine, CA
76,AES,2018-08-08,1 day ago,Electric Utilities,Office Services Specialist,Richmond, VA
77,AES,2018-08-08,1 day ago,Electric Utilities,Recruiting Coordinator,Glendora, CA
78,AES,2018-07-26,14 hours ago,Electric Utilities,WXTU PROGRAM DIRECTOR,Philadelphia, PA
79,AES,2018-07-23,17 days ago,Electric Utilities,Order Entry Analyst,Englewood, CO
80,AES,2018-08-03,6 days ago,Electric Utilities,BOP Operator,Kapolei, HI
81,AES,2018-07-10,30+ days ago,Electric Utilities,Logistics Specialist,Anaheim Hills, CA
82,AES,2018-07-26,14 days ago,Electric Utilities,"DISTRIBUTION ASSOCIATE - A SHIFT SHIPPING (MON - FRI, 7 - 7:30 PM)",McDonough, GA
83,AES,2018-07-31,9 days ago,Electric Utilities,Afterschool Teachers - AES 082018,San Francisco, CA
84,AES,2018-07-25,15 hours ago,Electric Utilities,NVOCC And OOG Cargo Specialist,Irving, TX
85,AES,2018-07-15,25 days ago,Electric Utilities,Help Wanted,Montgomeryville, PA
86,AES,,,Electric Utilities,Chief Security Architect,Nashville, TN
87,AES,2018-08-08,1 day ago,Electric Utilities,Restaurant Team Member,Xenia, OH
88,AES,2018-07-10,30+ days ago,Electric Utilities,Academic Editor (Remote),Durham, NC
89,AES,2018-07-10,30+ days ago,Electric Utilities,Pick and Pack Shopper,Jersey City, NJ
90,AES,2018-08-08,1 day ago,Electric Utilities,Assembler 2,Lewisburg, TN
91,AES,2018-08-02,7 days ago,Electric Utilities,Business Writer,Harrisburg, PA
92,AES,2018-07-10,30+ days ago,Electric Utilities,Customer Care Specialist I,Compton, CA
93,AES,2018-07-31,9 days ago,Electric Utilities,Office Administrative Assistant,Los Angeles, CA
94,AES,2018-07-24,16 days ago,Electric Utilities,Air & Ocean export ops,Rosemont, IL
95,AES,2018-07-18,22 hours ago,Electric Utilities,Delivery Driver - Peapod Home Groceries,Jersey City, NJ
96,AES,2018-08-07,2 days ago,Electric Utilities,Ocean Export Coordinator,Doral, FL
97,AES,,,Electric Utilities,Office Cargo Agent (Warehouse),Jamaica, NY
98,AES,2018-07-14,26 days ago,Electric Utilities,Customer Credit Representative Part Time,Indianapolis, IN
99,AES,2018-07-14,26 days ago,Electric Utilities,Customer Credit Representative Part Time,Indianapolis, IN
100,AES,2018-07-18,22 hours ago,Electric Utilities,Office Services Specialist,Richmond, VA
101,AES,2018-08-08,1 day ago,Electric Utilities,Export Coordinator,Industry, CA
102,AES,2018-07-10,30+ days ago,Electric Utilities,Customer Assistance Specialist,Morrisville, NC
103,AES,2018-08-08,1 day ago,Electric Utilities,Recruiter,Glendora, CA
104,AES,2018-07-10,30+ days ago,Electric Utilities,Texas Works Advisor I (CBS),Austin, TX
105,AES,2018-08-04,5 days ago,Electric Utilities,Insulator,,
106,AES,2018-07-26,14 days ago,Electric Utilities,Mobile Crew Worker (FT),Richmond, VA
107,AES,2018-07-19,21 hours ago,Electric Utilities,SDSU Grant Program VISTA Member - College Ag & Bio,Sioux Falls, SD
108,AES,2018-07-31,9 hours ago,Electric Utilities,Route Service Representative,Virginia Beach, VA
109,AES,2018-07-26,14 hours ago,Electric Utilities,Account Manager,Pasco, WA
110,AES,2018-07-25,15 days ago,Electric Utilities,"Literacy Specialist, Seattle (Full-time)",Seattle, WA
111,AES,2018-08-04,5 days ago,Electric Utilities,MEDICAL ADMINISTRATIVE OFFICER,Andrews AFB, MD
112,AES,2018-07-10,30+ days ago,Electric Utilities,Restoration Field Crew Member,Prior Lake, MN
113,AES,2018-07-10,30+ days ago,Electric Utilities,"Project Director, Onboarding",,
114,AES,2018-07-27,13 days ago,Electric Utilities,International Agent,Atlanta, GA
115,AES,2018-08-08,1 day ago,Electric Utilities,Shipping Coordinator Devens,Clinton, MA
116,AES,2018-07-26,14 hours ago,Electric Utilities,"Program Director, WXTU Philadelphia",Bala-Cynwyd, PA
117,AES,2018-07-31,9 days ago,Electric Utilities,Production Eqpt Opr: SMT,Lewisburg, TN
118,AES,2018-07-11,29 days ago,Electric Utilities,Team Member Restaurant,Milledgeville, GA
119,AES,2018-07-13,27 days ago,Electric Utilities,Global Customer Service Specialist,Westborough, MA
120,AES,2018-07-22,18 hours ago,Electric Utilities,Shipping and Receiving Clerk,Warner, NH
121,AES,2018-07-10,30+ days ago,Electric Utilities,Customer Care Specialist I,Compton, CA
122,AES,2018-07-10,30+ days ago,Electric Utilities,On-Site Export Agent,Sterling, VA
123,AES,2018-07-12,28 days ago,Electric Utilities,Communications Specialist,Austin, TX
124,AES,2018-07-19,21 days ago,Electric Utilities,Material Handler (Second Shift),Livermore, CA
125,AES,2018-07-10,30+ days ago,Electric Utilities,Customer Care Specialist I,Compton, CA
126,AES,2018-07-10,30+ days ago,Electric Utilities,International Customer Service Representative,Brookfield, WI
127,AES,2018-07-30,10 hours ago,Electric Utilities,Client Support Specialist,Dallas, TX
128,AES,2018-07-10,30+ days ago,Electric Utilities,Customer Service Rep,Sterling, IL
129,AES,2018-07-10,30+ days ago,Electric Utilities,Team Member,Cleveland, OH
130,AES,2018-07-24,16 hours ago,Electric Utilities,Digital Sales Planner,Dallas-Fort Worth, TX
131,AES,2018-07-10,30+ days ago,Electric Utilities,"Area CE Youth, Family & Communities Advsior (AP#17.19)",Imperial County, CA
132,AES,2018-07-10,30+ days ago,Electric Utilities,Customs Clearance Agent,Savannah, GA
133,AES,2018-08-07,2 days ago,Electric Utilities,PDC Logistics Outbound Team Member,Thief River Falls, MN
134,AES,2018-08-04,5 days ago,Electric Utilities,Study Coordinator,Salt Lake City, UT
135,AES,2018-07-24,16 hours ago,Electric Utilities,HSE Trainer,Houston, TX
136,AES,2018-07-10,30+ days ago,Electric Utilities,Environmental Analyst,Sacramento, CA
137,AES,2018-07-30,10 hours ago,Electric Utilities,Clinical Research Coordinator,Lexington, KY
138,AES,2018-07-11,29 days ago,Electric Utilities,Call Center Representatives - Collections ($13.50 / Hour + Shift Differential),Harrisburg, PA
139,AES,2018-07-20,20 hours ago,Electric Utilities,Consultant Nurse,Morrisville, NC
140,AES,2018-07-10,30+ days ago,Electric Utilities,Roustabout,Prudhoe Bay, AK
141,AES,2018-07-10,30 days ago,Electric Utilities,Assembler Wire Bond,Lewisburg, TN
142,AES,2018-08-08,1 day ago,Electric Utilities,Gateway Coordinator,Bensenville, IL
143,AES,2018-07-25,15 hours ago,Electric Utilities,Account Executive - Home Infusion,Silvis, IL
144,AES,2018-07-10,30+ days ago,Electric Utilities,Freight Coordinator - NIGHT SHIFT - LAX,Inglewood, CA
145,AES,2018-07-10,30+ days ago,Electric Utilities,Inventory Coordinator,Sterling, IL
146,AES,2018-07-10,30+ days ago,Electric Utilities,Underwriting,,
147,AES,2018-07-10,30+ days ago,Electric Utilities,Gateway Operations Specialist- Chicago,Chicago, IL
148,AES,2018-07-24,16 days ago,Electric Utilities,Ocean Import/Export Specialist,Arcadia, CA
149,AES,2018-07-20,20 days ago,Electric Utilities,Account Representative,Atlanta, GA
150,AES,2018-07-11,29 days ago,Electric Utilities,Call Center Supervisor (CS/Ecomm),Harrisburg, PA
151,AES,2018-07-10,30+ days ago,Electric Utilities,International Operations Agent,Torrance, CA
152,AES,2018-07-17,23 days ago,Electric Utilities,Entry Level Chemist,Greensboro, NC
153,AES,2018-07-10,30+ days ago,Electric Utilities,Air/Ocean Export Agent - ATL,Atlanta, GA
154,AES,2018-07-10,30+ days ago,Electric Utilities,Warehouse Associate / International Shipper,Ontario, CA
155,AES,2018-07-15,25 days ago,Electric Utilities,Fulfillment Specialist,Seattle, WA
156,AES,2018-08-04,5 days ago,Electric Utilities,METALS ANALYST,Fort Collins, CO
157,AES,2018-07-10,30+ days ago,Electric Utilities,Air Freight Agent,Washington, DC
158,AES,2018-07-10,30+ days ago,Electric Utilities,Sept 2018 Underwriting Professional Development Program-Glendale,Glendale, CA
159,AES,2018-07-10,30 days ago,Electric Utilities,Ocean Export Agent,Houston, TX
160,AES,2018-08-02,7 days ago,Electric Utilities,Export Coordinator,Carson, CA
161,AES,2018-07-10,30+ days ago,Electric Utilities,International Logistics Assistant - Electronic Components,Fort Lauderdale, FL
162,AES,2018-07-24,16 days ago,Electric Utilities,Freight Forward Documentation Analyst,Doral, FL
163,AES,2018-08-03,6 days ago,Electric Utilities,Customer Service Representative,Chelmsford, MA
164,AES,2018-08-03,6 days ago,Electric Utilities,Financial Training Opportunity - Account Executive Trainee - Jersey City,Jersey City, NJ
165,AES,2018-07-10,30+ days ago,Electric Utilities,Emergency Management Specialist,Lemont, IL
166,AES,2018-08-02,7 days ago,Electric Utilities,Accountant II (College of Human Ecology),Manhattan, KS
167,AES,2018-07-10,30+ days ago,Electric Utilities,Account Coordinator,San Jose, CA
168,AES,2018-07-29,11 days ago,Electric Utilities,Production Worker (part time less than 30 hrs per week),Richmond, VA
169,AES,2018-07-10,30+ days ago,Electric Utilities,PM Personal Shopper,Jersey City, NJ
170,AES,2018-07-28,12 days ago,Electric Utilities,Shp Rec Store Clerk,Lewisburg, TN
171,AES,2018-08-07,2 days ago,Electric Utilities,Consultant R. Nurse,Wilmington, NC
172,AES,2018-07-10,30+ days ago,Electric Utilities,Shipping and Receiving Clerk,Irvine, CA
173,AES,2018-07-26,14 days ago,Electric Utilities,"DISTRIBUTION ASSOCIATE - B SHIFT SHIPPING (THURS - SAT, 7 - 7:30 PM)",McDonough, GA
174,AES,2018-08-06,3 days ago,Electric Utilities,Logistics Technician,Mount Bethel, PA
175,AES,2018-08-08,1 day ago,Electric Utilities,Entry Level Field Sales Chronic Care (Pipeline),Kenilworth, NJ
176,AES,2018-07-10,30 days ago,Electric Utilities,Assembler component attach,Lewisburg, TN
177,AES,2018-07-10,30+ days ago,Electric Utilities,Entry Level Support Advisor,Irving, TX
178,AES,2018-08-02,7 days ago,Electric Utilities,Event Manager,Tempe, AZ
179,AES,2018-07-12,28 days ago,Electric Utilities,Logistics Shipping Specialist,Londonderry, NH
180,AES,2018-07-31,9 days ago,Electric Utilities,Entry Level Call Center Representative (Harrisburg),Harrisburg, PA
181,AES,2018-07-10,30+ days ago,Electric Utilities,Material Handler 2 (2018-052),Kirkland, WA
182,AES,2018-07-10,30+ days ago,Electric Utilities,EXPORT AGENT,San Francisco, CA
183,AES,2018-07-14,26 days ago,Electric Utilities,Traffic Coordinator (FAB),Charlotte, NC
184,AES,2018-07-10,30+ days ago,Electric Utilities,Studio Production Planner,Fort Lauderdale, FL
185,AES,2018-08-07,2 days ago,Electric Utilities,2018-064 (2nd Shift) M-TH 3:00 PM - 1:30 AM,Kirkland, WA
186,AES,2018-07-18,22 days ago,Electric Utilities,Assembler 4/5 (2018-060),Kirkland, WA
187,AES,2018-07-10,30+ days ago,Electric Utilities,Alarm Monitoring Tech Support,Union, NJ
188,AES,2018-07-10,30+ days ago,Electric Utilities,Help Wanted,Chicago, IL
189,AES,2018-08-02,7 days ago,Electric Utilities,Aha Cantina Cashier,Laughlin, NV
190,AES,2018-07-19,21 days ago,Electric Utilities,Freelance Designer,Alexandria, VA
191,AES,2018-07-17,23 days ago,Electric Utilities,Posted Title Project Coordinator,Princeton, NJ
192,AES,2018-08-07,2 days ago,Electric Utilities,Clinical Research Coordinator,Chesterfield, MI
193,AES,2018-08-01,8 days ago,Electric Utilities,Administrative Airframe & Powerplant Specialist (Non-deployable),Indian Springs, NV
194,AES,2018-07-31,9 days ago,Electric Utilities,Computational support for Machine Learning and LSTM,Santa Clara Valley, CA
195,AES,2018-07-31,9 days ago,Electric Utilities,Clinical Administrative Assistant,San Antonio, TX
196,AES,2018-08-01,8 days ago,Electric Utilities,Beverage Server,Laughlin, NV
197,AES,2018-07-23,17 days ago,Electric Utilities,Cargo Customer Service & Operations Specialist,John F. Kennedy International Airport, NY
198,AES,2018-07-26,14 days ago,Electric Utilities,Account Coordinator,Waukegan, IL
199,AES,2018-08-06,3 hours ago,Electric Utilities,Temp HR Specialist,Chicago, IL
200,AES,2018-07-10,30+ days ago,Electric Utilities,Part-Time Lab Technician - Lab,Midland, TX
201,AES,2018-07-10,30+ days ago,Electric Utilities,Logistics Transportation Planning,Windsor, CO
202,AES,2018-08-04,5 days ago,Electric Utilities,Warehouse Specialist (Nights),Columbus, OH
203,AES,2018-08-04,5 days ago,Electric Utilities,WAREHOUSE SPECIALIST (NIGHTS),Columbus, OH
204,AES,2018-07-17,23 days ago,Electric Utilities,Credit Reporting Processing Clerk,Mechanicsburg, PA
205,AES,2018-07-24,16 days ago,Electric Utilities,Export Coordinator,Largo, FL
206,AES,2018-07-31,9 days ago,Electric Utilities,Trusted Care Coordinator,Barksdale AFB, LA
207,AES,2018-08-08,1 day ago,Electric Utilities,Records Retention Manager,Harrisburg, PA
208,AES,2018-07-10,30+ days ago,Electric Utilities,Warehouse Worker,Odessa, TX
209,AES,2018-07-25,15 days ago,Electric Utilities,Route Relief Representative,Raleigh, NC
210,AES,2018-08-02,7 days ago,Electric Utilities,Aha Cantina Beverage Server,Laughlin, NV
211,AES,2018-07-10,30+ days ago,Electric Utilities,Shipping & Receiving Technician II,Carson, CA
212,AES,2018-08-01,8 days ago,Electric Utilities,Export Manager,Industry, CA
213,AES,2018-08-01,8 days ago,Electric Utilities,Operation Manager,Industry, CA
214,AES,2018-08-02,7 days ago,Electric Utilities,Sales Assistant - REV,San Diego, CA
215,AES,2018-08-07,2 days ago,Electric Utilities,Customs Compliance Administrator,Montvale, NJ
216,AES,2018-07-20,20 days ago,Electric Utilities,Credit Coordinator,Sterling, IL
217,AES,2018-07-21,19 days ago,Electric Utilities,Documentation Specialist/Ocean Export,Medley, FL
218,AES,2018-08-07,2 days ago,Electric Utilities,Import/Export Coordinator II,Suffolk, VA
219,AES,2018-08-01,8 days ago,Electric Utilities,Moonshadow Grille Server,Laughlin, NV
220,AES,2018-07-13,27 days ago,Electric Utilities,Senior Contact Center Enigneer,Miami, FL
221,AES,2018-07-27,13 days ago,Electric Utilities,Welder MIG & TIG,Acton, MA
222,AES,2018-07-10,30 days ago,Electric Utilities,PROGRAM DIRECTOR,Charlotte, NC
223,AES,2018-07-20,20 days ago,Electric Utilities,Quality Control Analyst,Beloit, WI
224,AES,2018-07-10,30+ days ago,Electric Utilities,Entry-Level Call Center Representative (11:30 am - 8:00 pm shift) - Chester,Chester, PA
225,AES,2018-07-31,9 days ago,Electric Utilities,Staff AE,Mountain View, CA
226,AES,2018-07-14,26 days ago,Electric Utilities,Helpdesk Technician,Sapulpa, OK
227,AES,2018-07-10,30+ days ago,Electric Utilities,Export Coordinator,Glenview, IL
228,AES,2018-07-27,13 days ago,Electric Utilities,Landfill Lead Worker,Stanislaus County, CA
229,AES,2018-07-10,30+ days ago,Electric Utilities,"LC AES Technical Assistant, Work Study",Fort Collins, CO
230,AES,2018-07-17,23 days ago,Electric Utilities,Executive Recruiting Coordinator,Glendora, CA
231,AES,2018-08-03,6 days ago,Electric Utilities,Export Coordinator II,,
232,AES,2018-08-03,6 days ago,Electric Utilities,Marketing Coordinator,New York, NY
233,AES,2018-07-28,12 days ago,Electric Utilities,Team Leader,San Diego, CA
234,AES,2018-07-20,20 days ago,Electric Utilities,Marketing Coordinator,,
235,AES,2018-08-03,6 days ago,Electric Utilities,Import Coordinator,Tukwila, WA
236,AES,2018-07-10,30+ days ago,Electric Utilities,Transportation Assistant (1st Shift),Milwaukee, WI
237,AES,2018-07-20,20 days ago,Electric Utilities,Account Rep - Air Export,Miami, FL
238,AES,2018-07-10,30+ days ago,Electric Utilities,"Agent, International Operations",Atlanta, GA
239,AES,2018-08-01,8 days ago,Electric Utilities,Customs Specialist I,Monroe, MI
240,AES,2018-07-25,15 days ago,Electric Utilities,IFTS Coor / Freight Forward,Buffalo, NY
241,AES,2018-07-10,30+ days ago,Electric Utilities,Exports Coordinator,Chicago, IL
242,AES,2018-07-10,30+ days ago,Electric Utilities,"ATTENDANT, WAREHOUSE - EXPORT SHIPPING (FULL-TIME)",Andover, MA
243,AES,2018-07-31,9 days ago,Electric Utilities,Utility- 3rd Shift,Columbus, OH
244,AES,2018-07-10,30+ days ago,Electric Utilities,Mechanic,Union City, CA
245,AES,2018-07-10,30+ days ago,Electric Utilities,Entry-Level Call Center Representative (12:30pm - 9pm shift) - Mechanicsburg,Mechanicsburg, PA
246,AES,2018-07-10,30+ days ago,Electric Utilities,System Operator Trainee,Dayton, OH
247,AES,2018-07-11,29 days ago,Electric Utilities,Welder Mig and Tig,Acton, MA
248,AES,2018-07-31,9 days ago,Electric Utilities,Customs Specialist I,Monroe, MI
249,AES,2018-07-10,30+ days ago,Electric Utilities,Marketplace Development Representative,Chicago, IL
250,AES,2018-07-17,23 days ago,Electric Utilities,"Trade Compliance Analyst, JUMP",San Francisco, CA
251,AES,2018-08-08,1 day ago,Electric Utilities,Metering Services Team Leader,Dayton, OH
252,AES,2018-07-10,30+ days ago,Electric Utilities,Program/Project Specialist,Minneapolis-Saint Paul, MN
253,AES,2018-08-05,4 days ago,Electric Utilities,Freight Forwarder Operations,Bensenville, IL
254,AES,2018-07-28,12 days ago,Electric Utilities,Account Executive,San Francisco, CA
255,AES,2018-08-01,8 days ago,Electric Utilities,Security Agent Overnight,Charlotte, NC
256,AES,2018-08-02,7 days ago,Electric Utilities,Rail Terminal Manager,Kermit, TX
257,AES,2018-08-04,5 days ago,Electric Utilities,International Logistics Specialist- Air Export,Hoffman Estates, IL
258,AES,2018-08-07,2 days ago,Electric Utilities,Inventory Analyst,Grand Forks, ND
259,AES,2018-08-07,2 days ago,Electric Utilities,Consultant Registered Nurse,Morrisville, NC
260,AES,2018-07-10,30+ days ago,Electric Utilities,Part-Time Lab Technician - Lab,Midland, TX
261,AES,2018-07-26,14 days ago,Electric Utilities,Looking for Electricians with Experience,Homestead, FL
262,AES,2018-08-05,4 days ago,Electric Utilities,International Trade Manager,Decatur, IL
263,AES,2018-07-27,13 hours ago,Electric Utilities,Senior Enterprise Account Executive,Foster City, CA
264,AES,2018-07-25,15 days ago,Electric Utilities,Sr. Broadcast Engineer (Corporate Events),Mountain View, CA
265,AES,2018-07-10,30+ days ago,Electric Utilities,Account Coordinator - Bounce TV,Houston, TX
266,AES,2018-07-31,9 days ago,Electric Utilities,Test Technician,Acton, MA
267,AES,2018-07-10,30+ days ago,Electric Utilities,Continuous Improvement Specialist (2018-051),Kirkland, WA
268,AES,2018-08-04,5 days ago,Electric Utilities,Account Executive,Irvine, CA
269,AES,2018-07-10,30+ days ago,Electric Utilities,Heavy Equipment Operator,Butler, PA
270,AES,2018-08-07,2 days ago,Electric Utilities,Customer Service Representative,San Antonio, TX
271,AES,2018-08-02,7 hours ago,Electric Utilities,Associate Account Executive - Joie Specialty,New York, NY
272,AES,2018-07-10,30+ days ago,Electric Utilities,System Operator Trainee,Dayton, OH
273,AES,2018-08-05,4 days ago,Electric Utilities,Traffic Coordinator II,Suwanee, GA
274,AES,2018-08-02,7 days ago,Electric Utilities,Barback,Laughlin, NV
275,AES,2018-07-10,30+ days ago,Electric Utilities,Account Executive,Atlanta, GA
276,AES,2018-07-18,22 days ago,Electric Utilities,Air/Ocean Export,Bensenville, IL
277,AES,2018-07-25,15 days ago,Electric Utilities,Sales Development Rep Outbound,San Francisco, CA
278,AES,2018-07-10,30+ days ago,Electric Utilities,Shipping Clerk,Kent, WA
279,AES,2018-07-11,29 days ago,Electric Utilities,Program Specialist VII,Austin, TX
280,AES,2018-07-31,9 days ago,Electric Utilities,Production Test Technician 4 (2018-063),Kirkland, WA
281,AES,2018-08-08,1 hour ago,Electric Utilities,Airfreight Pharma Operations Specialist,Philadelphia, PA
282,AES,2018-07-10,30+ days ago,Electric Utilities,Blender Operator,Grandview, TX
283,AES,2018-07-28,12 days ago,Electric Utilities,Product Quality Inspector 1,Lewisburg, TN
284,AES,2018-08-03,6 days ago,Electric Utilities,Import/Export Coordinator,Piscataway, NJ
285,AES,2018-07-10,30+ days ago,Electric Utilities,Ocean Export Coordinator,Buena Park, CA
286,AES,2018-07-18,22 days ago,Electric Utilities,NICE Voice IP Analyst,Irving, TX
287,AES,2018-07-14,26 days ago,Electric Utilities,Helpdesk Manager,Sapulpa, OK
288,AES,2018-07-10,30+ days ago,Electric Utilities,Commercial Adjustments - Processing Clerk,Harrisburg, PA
289,AES,2018-08-08,1 day ago,Electric Utilities,Trash Man Helpers,Round Rock, TX
290,AES,2018-07-10,30 days ago,Electric Utilities,AES Director of Sales,Concord, CA
291,AES,2018-07-10,30+ days ago,Electric Utilities,Shipping and Receiving Clerk,Hauppauge, NY
292,AES,2018-07-17,23 days ago,Electric Utilities,Marketing Coordinator,Glendora, CA
293,AES,2018-08-02,7 hours ago,Electric Utilities,"Mortgage Consultant (Sales) Riverside, CA",Riverside, CA
294,AES,2018-08-08,1 day ago,Electric Utilities,Metering Services Team Leader,Dayton, OH
295,AES,2018-07-10,30+ days ago,Electric Utilities,Entry-Level Call Center Representative (12:00 pm - 9:00 pm shift) - Pittsburgh,Pittsburgh, PA
296,AES,2018-07-25,15 days ago,Electric Utilities,Maintenance Worker,Dayton, OH
297,AES,2018-08-04,5 days ago,Electric Utilities,Consumer Business Manager,Raleigh, NC
298,AES,2018-07-17,23 days ago,Electric Utilities,Security Sergeant (DLV),Las Vegas, NV
299,AES,2018-07-20,20 days ago,Electric Utilities,Shipping and Receiving,Old Saybrook, CT
300,AES,2018-08-01,8 days ago,Electric Utilities,Airframe & Powerplant Specialist,San Angelo, TX
301,AES,2018-07-10,30+ days ago,Electric Utilities,Medical Monitor,,
302,AES,2018-07-10,30+ days ago,Electric Utilities,Customer Service Manager (CSM),Vista, CA
303,AES,2018-07-10,30+ days ago,Electric Utilities,Results Management Office - Manager V,Austin, TX
304,AES,2018-07-26,14 days ago,Electric Utilities,Delivery Driver,Kent, WA
305,AES,2018-07-10,30+ days ago,Electric Utilities,Analytical Surface Scientist,Corvallis, OR
306,AES,2018-07-22,18 days ago,Electric Utilities,AES Director of Sales - Private Equity,Orlando, FL
307,AES,2018-07-18,22 days ago,Electric Utilities,International Export Auditor,San Francisco, CA
308,AES,2018-08-03,6 days ago,Electric Utilities,"Operations Assistant, Adult Enrollment Services",Marion, IN
309,AES,2018-07-10,30+ days ago,Electric Utilities,Ocean Export Coordinator,Carol Stream, IL
310,AES,2018-07-10,30+ days ago,Electric Utilities,SHIPPING CLERK,Lindon, UT
311,AES,2018-07-10,30+ days ago,Electric Utilities,Office Cargo Agent (Warehouse),Jamaica, NY
312,AES,2018-07-10,30+ days ago,Electric Utilities,"Nutrition, Family and Consumer Sciences - Area CE Advisor",Fresno County, CA
313,AES,2018-08-04,5 days ago,Electric Utilities,JOB TITLE METALS ANALYST,Fort Collins, CO
314,AES,2018-07-21,19 days ago,Electric Utilities,Transportation Planner,Wichita, KS
315,AES,2018-08-01,8 days ago,Electric Utilities,Bartender,Laughlin, NV
316,AES,2018-07-10,30+ days ago,Electric Utilities,Field Inventory Control Counter,Atlanta, GA
317,AES,2018-07-14,26 days ago,Electric Utilities,Regional Vice President,San Francisco, CA
318,AES,2018-07-14,26 days ago,Electric Utilities,Business Development Representative,San Francisco, CA
319,AES,2018-07-10,30+ days ago,Electric Utilities,Qualification Specialist,Marion, IN
320,AES,2018-07-10,30+ days ago,Electric Utilities,Purchasing Agent,Marysville, WA
321,AES,2018-07-10,30+ days ago,Electric Utilities,Manager of Project Cargo Division,Oak Brook, IL
322,AES,2018-07-31,9 days ago,Electric Utilities,Shipping Coordinator,Industry, CA
323,AES,2018-07-18,22 days ago,Electric Utilities,Order Picker / Packer,Kansas City, MO
324,AES,2018-07-31,9 days ago,Electric Utilities,AIR EXPORT CUSTOMER SERVICE,Jersey City, NJ
325,AES,2018-08-08,1 day ago,Electric Utilities,Assistant General Manager,Bloomington, IN
326,AES,2018-07-10,30+ days ago,Electric Utilities,Designer,Alexandria, VA
327,AES,2018-07-10,30+ days ago,Electric Utilities,International Logistics Coordinator,Ashland City, TN
328,AES,2018-07-10,30+ days ago,Electric Utilities,Account Manager,Chicago, IL
329,AES,2018-08-02,7 days ago,Electric Utilities,Assessment and Evaluation Specialist,Pasadena, CA
330,AES,2018-07-25,15 days ago,Electric Utilities,Production Manager,Acton, MA
331,AES,2018-07-10,30+ days ago,Electric Utilities,Media Account Coordinator,Jacksonville, FL
332,AES,2018-07-24,16 days ago,Electric Utilities,B2B Account Executive,Philadelphia, PA
333,AES,2018-08-05,4 days ago,Electric Utilities,Business Development Assistant,Sacramento, CA
334,AES,2018-07-10,30+ days ago,Electric Utilities,Asst Inventory Control Supvsr - SAP,Anaheim, CA
335,AES,2018-07-31,9 days ago,Electric Utilities,Sales Enablement Intern,Washington, DC
336,AES,2018-07-10,30+ days ago,Electric Utilities,Import Operations/Entry Writer,Romulus, MI
337,AES,2018-07-21,19 days ago,Electric Utilities,Shipping Specialist,San Leandro, CA
338,AES,2018-08-03,6 days ago,Electric Utilities,Creative Director - Customer Experience,Harrisburg, PA
339,AES,2018-07-10,30+ days ago,Electric Utilities,Sales Engineer,Santa Barbara, CA
340,AES,2018-07-10,30+ days ago,Electric Utilities,Wholesale Retail Associate Planner,New York, NY
341,AES,2018-07-18,22 days ago,Electric Utilities,Math Literacy Classroom Instructor,Baltimore, MD
342,AES,2018-08-03,6 days ago,Electric Utilities,Overland Manager,Laredo, TX
343,AES,2018-07-10,30+ days ago,Electric Utilities,Staff Accountant,Dayton, OH
344,AES,2018-07-10,30+ days ago,Electric Utilities,Operations Assistant,Frankenmuth, MI
345,AES,2018-07-18,22 days ago,Electric Utilities,Executive Assistant,Arlington, VA
346,AES,2018-07-10,30+ days ago,Electric Utilities,Internet Sales Coordinator,San Francisco, CA
347,AES,2018-08-04,5 days ago,Electric Utilities,Security Supervisor (CLV),Las Vegas, NV
348,AES,2018-07-10,30+ days ago,Electric Utilities,Account Executive,West Lafayette, IN
349,AES,2018-07-20,20 days ago,Electric Utilities,Assistant Account Executive,Tampa, FL
350,AES,2018-08-08,1 day ago,Electric Utilities,Research Coordinator,Valhalla, NY
351,AES,2018-07-10,30+ days ago,Electric Utilities,Sales Assistant - Portland,Portland, OR
352,AES,2018-07-10,30+ days ago,Electric Utilities,Account Executives,,
353,AES,2018-07-19,21 hours ago,Electric Utilities,Account Planner - Media,Traverse City, MI
354,AES,2018-07-18,22 days ago,Electric Utilities,Account Coordinator,Austin, TX
355,AES,2018-08-01,8 hours ago,Electric Utilities,Security Corporal (QUD),Las Vegas, NV
356,AES,2018-07-10,30+ days ago,Electric Utilities,Sales Administrator,Costa Mesa, CA
357,AES,2018-07-10,30+ days ago,Electric Utilities,Account Executive,San Francisco, CA
358,AES,2018-08-02,7 days ago,Electric Utilities,Utility - Columbus OH - 3rd shift,Columbus, OH
359,AES,2018-07-24,16 days ago,Electric Utilities,Assistant Controller,Houston, TX
360,AES,2018-08-03,6 days ago,Electric Utilities,Account Executive - San Francisco,San Francisco, CA
361,AES,2018-08-08,1 day ago,Electric Utilities,Programmer / Developer - Pega SSA,South San Francisco, CA
362,AES,2018-08-02,7 days ago,Electric Utilities,Keno Writer,Laughlin, NV
363,AES,2018-08-04,5 days ago,Electric Utilities,Security Host (RIO),Las Vegas, NV
364,AES,2018-07-26,14 days ago,Electric Utilities,Jr Account Executive/Assistant,Irving, TX
365,AES,2018-07-10,30+ days ago,Electric Utilities,Account Executive Assistant,Dallas, TX
366,AES,2018-07-12,28 days ago,Electric Utilities,Trade Compliance Specialist,Newberry, SC
367,AES,2018-08-01,8 days ago,Electric Utilities,A&P Specialist - Deployable/Flex Schedule,San Diego, CA
368,AES,2018-07-20,20 days ago,Electric Utilities,International Export Auditor,San Francisco, CA
369,AES,2018-08-01,8 days ago,Electric Utilities,Transportation Supervisor,Jersey City, NJ
370,AES,2018-07-10,30+ days ago,Electric Utilities,Digital Marketing | Jr. Account Executive,San Diego, CA
371,AES,2018-08-08,1 day ago,Electric Utilities,3Pl shipping coordinator,Irving, TX
372,AES,2018-07-21,19 days ago,Electric Utilities,Customs Specialist,Mahwah, NJ
373,AES,2018-07-10,30+ days ago,Electric Utilities,Export Logistics Coordinator,Los Angeles, CA
374,AES,2018-08-08,1 day ago,Electric Utilities,Behavioral Technician (ABA Therapist),Boston, MA
375,AES,2018-07-24,16 days ago,Electric Utilities,Trade Compliance Analyst,Southaven, MS
376,AES,2018-08-01,8 days ago,Electric Utilities,Sr. Foreign Trade Analyst Job,Assumption, IL
377,AES,2018-08-07,2 days ago,Electric Utilities,Export Compliance Program Manager,Racine, WI
378,AES,2018-07-10,30+ days ago,Electric Utilities,Customs Compliance Specialist,Manteca, CA
379,AES,2018-07-18,22 days ago,Electric Utilities,Sales Planner,New York, NY
380,AES,2018-08-07,2 days ago,Electric Utilities,Temp Logistics Specialist,Ypsilanti, MI
381,AES,2018-08-01,8 days ago,Electric Utilities,Airframe & Powerplant Specialist (Deployable/FLEX),San Diego, CA
382,AES,2018-07-27,13 days ago,Electric Utilities,Lean Production Manager,Acton, MA
383,AES,2018-07-31,9 days ago,Electric Utilities,"Vice President, Sales",Los Angeles, CA
384,AES,2018-07-10,30+ days ago,Electric Utilities,Land Surveyor/Cad Drafter/field crew/Engineer,Wilmington, DE
385,AES,2018-08-08,1 day ago,Electric Utilities,Sea Export Coordinator,Chicago, IL
386,AES,2018-07-10,30+ days ago,Electric Utilities,Air/Ocean Export Specialist,Chelsea, MA
387,AES,2018-07-10,30+ days ago,Electric Utilities,SHIPPING & RECEIVING COORDINATOR,York, NE
388,AES,2018-07-31,9 days ago,Electric Utilities,Sales Assistant,New York, NY
389,AES,2018-07-24,16 days ago,Electric Utilities,Service Manager,Newville, PA
390,AES,2018-08-05,4 days ago,Electric Utilities,CE Journey Strategy Sr. Consultant I,Northbrook, IL
391,AES,2018-08-05,4 days ago,Electric Utilities,"Coordinator, Commercial Sales",Mililani Town, HI
392,AES,2018-07-10,30+ days ago,Electric Utilities,Conformal Coat Operator 2/3 (2018-054),Kirkland, WA
393,AES,2018-07-10,30+ days ago,Electric Utilities,Bilingual Call Center Agent - Spanish/English,Frankenmuth, MI
394,AES,2018-07-10,30+ days ago,Electric Utilities,Designer,Lemont, IL
395,AES,2018-07-20,20 days ago,Electric Utilities,Ocean Export Coordinator,Oak Brook, IL
396,AES,2018-07-10,30+ days ago,Electric Utilities,Account Executive,Austin, TX
397,AES,2018-07-21,19 days ago,Electric Utilities,PD-Mechanic-000740,Indianapolis, IN
398,AES,2018-07-21,19 days ago,Electric Utilities,PD-Mechanic-000740,Indianapolis, IN
399,AES,2018-07-10,30+ days ago,Electric Utilities,Public Relations Intern - Fall 2018,New York, NY
400,AES,2018-07-10,30+ days ago,Electric Utilities,CRR Test Operator 2 (2018-041),Kirkland, WA
401,AES,2018-07-28,12 days ago,Electric Utilities,Sales Support Coordinator,Addison, IL
402,AES,2018-07-10,30+ days ago,Electric Utilities,Assoc Account Exec,Cleveland, OH
403,AES,2018-08-04,5 days ago,Electric Utilities,CM Specialist,San Antonio, TX
404,AES,2018-07-10,30+ days ago,Electric Utilities,Sales Development Representatives,Austin, TX
405,AES,2018-07-20,20 days ago,Electric Utilities,"Human Resource Analyst - State College, PA",State College, PA
406,AES,2018-07-20,20 days ago,Electric Utilities,Shipper,Waltham, MA
407,AES,2018-08-02,7 days ago,Electric Utilities,Account Executive,Tampa, FL
408,AES,2018-07-10,30+ days ago,Electric Utilities,Part Time Support (Flexible Scheduling) Harrisburg,Harrisburg, PA
409,AES,2018-08-02,7 days ago,Electric Utilities,Energy Industry Technology Specialist,Houston, TX
410,AES,2018-07-10,30+ days ago,Electric Utilities,Administrative Coordinator 3,Baton Rouge, LA
411,AES,2018-07-25,15 days ago,Electric Utilities,Account Executive – Yelp,Chicago, IL
412,AES,2018-08-02,7 days ago,Electric Utilities,Security Officer,Laughlin, NV
413,AES,2018-07-31,9 days ago,Electric Utilities,Front Desk Manager,Chicago, IL
414,AES,2018-08-01,8 days ago,Electric Utilities,Women's Health Specialist - BSH - Atlanta/Memphis/Nashville,Atlanta, GA
415,AES,2018-07-10,30+ days ago,Electric Utilities,Contract Coordinator 1 (2018-032),Kirkland, WA
416,AES,2018-07-10,30+ days ago,Electric Utilities,Account Executive,Chicago, IL
417,AES,2018-07-12,28 days ago,Electric Utilities,Assistant Cook I/II,Stanislaus County, CA
418,AES,2018-08-08,1 day ago,Electric Utilities,Health System Executive,Lake County, IL
419,AES,2018-07-18,22 days ago,Electric Utilities,Buyer/Planner 2 (2018-061),Kirkland, WA
420,AES,2018-08-01,8 days ago,Electric Utilities,A&P Specialist,Fort Drum, NY
421,AES,2018-07-10,30+ days ago,Electric Utilities,Intern - Sales Analysis,Paramus, NJ
422,AES,2018-07-10,30+ days ago,Electric Utilities,Customer Service Manager,Vista, CA
423,AES,2018-07-10,30+ days ago,Electric Utilities,Pipe Welder,Sun Prairie, WI
424,AES,2018-07-10,30+ days ago,Electric Utilities,Townsquare Media Buffalo Internship,Buffalo, NY
425,AES,2018-08-08,1 day ago,Electric Utilities,Ocean Export Coordinator,Algonquin, IL
426,AES,2018-07-14,26 days ago,Electric Utilities,Clinical Research Coordinator,Royal Oak, MI
427,AES,2018-07-10,30+ days ago,Electric Utilities,Shipping and Distribution Specialist,Livermore, CA
428,AES,2018-07-18,22 days ago,Electric Utilities,Executive Assistant,Arlington, VA
429,AES,2018-07-10,30+ days ago,Electric Utilities,"RVP, East",New York, NY
430,AES,2018-07-10,30+ days ago,Electric Utilities,Associate Account Executive - Charlotte,Charlotte, NC
431,AES,2018-08-01,8 days ago,Electric Utilities,Human Resources Recruitment Specialist,Jersey City, NJ
432,AES,2018-07-10,30+ days ago,Electric Utilities,"Research Engineer Associate / Cambridge, MA",Cambridge, MA
433,AES,2018-07-25,15 days ago,Electric Utilities,Sales Solutions Associate,Tempe, AZ
434,AES,2018-07-20,20 days ago,Electric Utilities,VoIP Technician,Jacksonville, FL
435,AES,2018-07-21,19 hours ago,Electric Utilities,Ocean Export Documentation/Customer Service,Red Bank, NJ
436,AES,2018-07-20,20 days ago,Electric Utilities,Clinical Safety Specialist,Tempe, AZ
437,AES,2018-07-13,27 days ago,Electric Utilities,"Entry Level Field Sales - Chronic Care- Montgomery, AL",Montgomery, AL
438,AES,2018-07-15,25 days ago,Electric Utilities,Ocean Export Customer Service,Jersey City, NJ
439,AES,2018-07-10,30+ days ago,Electric Utilities,Sales Development Representative,Durham, NC
440,AES,2018-07-10,30+ days ago,Electric Utilities,Director of Operations,San Francisco, CA
441,AES,2018-07-10,30 days ago,Electric Utilities,Media Strategist,Denver, CO
442,AES,2018-08-01,8 days ago,Electric Utilities,International Logistics Specialist - Fort Myers,Fort Myers, FL
443,AES,2018-07-10,30+ days ago,Electric Utilities,BI UPDP,Centennial, CO
444,AES,2018-07-26,14 days ago,Electric Utilities,Office Manager & Operations Planner,Los Angeles, CA
445,AES,2018-07-18,22 days ago,Electric Utilities,Solutions Engineer,San Francisco, CA
446,AES,2018-07-27,13 days ago,Electric Utilities,National Sales Account Coordinator,New York, NY
447,AES,2018-07-10,30+ days ago,Electric Utilities,Global Trade Compliance Specialist,Calabasas, CA
448,AES,2018-07-24,16 days ago,Electric Utilities,Fall Public Relations Intern,New York, NY
449,AES,2018-07-10,30+ days ago,Electric Utilities,Product Assur Mgt 4,Lewisburg, TN
450,AES,2018-07-10,30+ days ago,Electric Utilities,Applications Specialist CP,Conklin, NY
451,AES,2018-07-10,30+ days ago,Electric Utilities,Int'l Ocean Export Coordinator,Chalfont, PA
452,AES,2018-08-07,2 days ago,Electric Utilities,Security Seasonal Officer,Laughlin, NV
453,AES,2018-08-04,5 days ago,Electric Utilities,Senior Director of Advancement,St. Louis, MO
454,AES,2018-07-10,30+ days ago,Electric Utilities,Environmental Data Validation Chemist,Annapolis, MD
455,AES,2018-07-26,14 days ago,Electric Utilities,Office Manager & Operations Planner,Playa Vista, CA
456,AES,2018-07-10,30+ days ago,Electric Utilities,Account Coordinator,Boca Raton, FL
457,AES,2018-07-10,30+ days ago,Electric Utilities,Export Operations Agent,Itasca, IL
458,AES,2018-07-10,30+ days ago,Electric Utilities,Sales Solutions Representative,San Francisco, CA
459,AES,2018-07-10,30+ days ago,Electric Utilities,Broker Coordinator,,
460,AES,2018-07-26,14 days ago,Electric Utilities,Drug Safety Associate III,Alameda, CA
461,AES,2018-08-01,8 days ago,Electric Utilities,Technical/Systems Analyst,Lynchburg, VA
462,AES,2018-07-10,30+ days ago,Electric Utilities,Program Specialist V,Austin, TX
463,AES,2018-07-31,9 days ago,Electric Utilities,"Account Executive, Radio",Denver, CO
464,AES,2018-07-28,12 days ago,Electric Utilities,Mortgage Consultant (Sales) NoVa / MD,Leesburg, VA
465,AES,2018-07-10,30+ days ago,Electric Utilities,"Freight Forwarder, Ocean Export",Austin, TX
466,AES,2018-07-24,16 days ago,Electric Utilities,Inside Sales Representative,Philadelphia, PA
467,AES,2018-08-08,1 day ago,Electric Utilities,Research Fellow I,Auburn, AL
468,AES,2018-07-18,22 days ago,Electric Utilities,International Logistics Coordinator I,Carol Stream, IL
469,AES,2018-07-30,10 days ago,Electric Utilities,Internal Account Manager,Teterboro, NJ
470,AES,2018-07-31,9 days ago,Electric Utilities,Sales Development Representative,Reston, VA
471,AES,2018-07-10,30+ days ago,Electric Utilities,Regional Sales Director - Southern California,Los Angeles, CA
472,AES,2018-07-18,22 days ago,Electric Utilities,Part-Time Shipping and Receiving Clerk,Salt Lake City, UT
473,AES,2018-07-10,30+ days ago,Electric Utilities,"Power Systems Field Service UPS, Generator & AES Tech",Phoenix, AZ
474,AES,2018-07-10,30 days ago,Electric Utilities,Adoptions Specialist,Vero Beach, FL
475,AES,2018-08-01,8 days ago,Electric Utilities,Asst / Assoc Professor -CRD Climate Change Socioeconomic Adaptation,Davis, CA
476,AES,2018-07-24,16 days ago,Electric Utilities,Agricultural Lab Technician,Batesville, AR
477,AES,2018-07-20,20 days ago,Electric Utilities,Internal Account Manager (Inside / Outside Sales),Riverside, CA
478,AES,2018-07-24,16 days ago,Electric Utilities,Account Exec - Outside Sales - WS,,
479,AES,2018-07-10,30+ days ago,Electric Utilities,Scientist-ICPMS,Concord, OH
480,AES,2018-07-10,30+ days ago,Electric Utilities,VP National Sales Great Plains,Kansas City, KS
481,AES,2018-07-30,10 days ago,Electric Utilities,"ACCOUNT EXECUTIVE, RADIO",Denver, CO
482,AES,2018-07-10,30+ days ago,Electric Utilities,"Assistant Account Executive, Momentum",Atlanta, GA
483,AES,2018-07-10,30+ days ago,Electric Utilities,"Assistant Account Executive, Momentum",Atlanta, GA
484,AES,2018-07-10,30+ days ago,Electric Utilities,Treasury Adjustment Specialist,Harrisburg, PA
485,AES,2018-07-28,12 days ago,Electric Utilities,Technical Security Specialist,Fairfax, VA
486,AES,2018-07-10,30+ days ago,Electric Utilities,Shipping Clerk,Export, PA
487,AES,2018-08-08,1 day ago,Electric Utilities,Account Executive,Arlington, VA
488,AES,2018-08-08,1 day ago,Electric Utilities,SECURITY OFFICER,Las Vegas, NV
489,AES,2018-07-10,30+ days ago,Electric Utilities,Account Executive,Miami, FL
490,AES,2018-07-21,19 days ago,Electric Utilities,"SR Project Specialist (Office Based Raleigh, NC or Cary, NC)",Raleigh, NC
491,AES,2018-07-10,30 days ago,Electric Utilities,Project Specialist,,
492,AES,2018-07-10,30 days ago,Electric Utilities,Import/Export Operation - Freight Forwarding,Industry, CA
493,AES,2018-07-31,9 days ago,Electric Utilities,ARDEC Feedlot Manager,Fort Collins, CO
494,AES,2018-07-10,30+ days ago,Electric Utilities,Vice President of Rooms,Dallas, TX
495,AES,2018-07-10,30+ days ago,Electric Utilities,2018/2019 Special Education RSP Teacher (AES & FVES),Riverside County, CA
496,AES,2018-08-02,7 days ago,Electric Utilities,Import And Export Specialist,Mountain Lakes, NJ
497,AES,2018-08-03,6 days ago,Electric Utilities,Account Executive-Salesforce,Los Angeles, CA
498,AES,2018-07-25,15 days ago,Electric Utilities,Contract Director,Austin, TX
499,AES,2018-07-31,9 days ago,Electric Utilities,Contractor Coordinator,Dayton, OH
500,AES,2018-08-08,1 day ago,Electric Utilities,CCGT IC&E Lead Technician,Huntington Beach, CA
501,AES,2018-08-08,1 day ago,Electric Utilities,CCGT IC&E Lead Technician,Huntington Beach, CA
502,AES,2018-07-10,30 days ago,Electric Utilities,Asst. Supervisor of Shipping & Receiving,,
503,AES,2018-08-08,1 day ago,Electric Utilities,Clinical Research Coordinator,Coral Gables, FL
504,AES,2018-08-07,2 days ago,Electric Utilities,"Sr. Project Specialist (CNS- Austin, TX/Raleigh, NC)",,
505,AES,2018-07-18,22 days ago,Electric Utilities,"Specialty Customer Account Development Specialist - Cleveland, Ohio or Milwaukee, Wisconsin - PS9292",Cleveland, OH
506,AES,2018-08-04,5 days ago,Electric Utilities,Security Officer (VEG),Las Vegas, NV
507,AES,2018-07-13,27 days ago,Electric Utilities,Staff Technician - Broadcast Engineering,Gilbert, AZ
508,AES,2018-08-08,1 day ago,Electric Utilities,CS- Bilingual Customer Service Representative,Indianapolis, IN
509,AES,2018-07-24,16 days ago,Electric Utilities,Export Specialist,Irvine, CA
510,AES,2018-08-04,5 days ago,Electric Utilities,Security Dispatcher (QUD),Las Vegas, NV
511,AES,2018-08-03,6 days ago,Electric Utilities,International Trade Specialist,Chantilly, VA
512,AES,2018-07-10,30+ days ago,Electric Utilities,College Student Internship (Clerical/Community Aide / Part-time Extra-Help),Stanislaus County, CA
513,AES,2018-08-02,7 days ago,Electric Utilities,Digital Sales Assistant,Hollywood, FL
514,AES,2018-07-10,30+ days ago,Electric Utilities,Account Executive,New York, NY
515,AES,2018-07-10,30+ days ago,Electric Utilities,Equipment Operator,Huntley, IL
516,AES,2018-07-20,20 days ago,Electric Utilities,Drilling Fluids Engineer,Cheyenne, WY
517,AES,2018-07-10,30+ days ago,Electric Utilities,Manufacturing Regional Business Leader,,
518,AES,2018-08-01,8 days ago,Electric Utilities,"AST, Engineer Program Management",Washington, DC
519,AES,2018-07-29,11 days ago,Electric Utilities,"Program Director, CSOS",Allentown, PA
520,AES,2018-07-10,30+ days ago,Electric Utilities,Associate Account Manager,Madison, WI
521,AES,2018-07-10,30+ days ago,Electric Utilities,Academic Excellence Specialist (High School),Los Angeles, CA
522,AES,2018-07-10,30+ days ago,Electric Utilities,Sales Development Representative,Palo Alto, CA
523,AES,2018-07-18,22 days ago,Electric Utilities,Safety Physician,,
524,AES,2018-07-19,21 days ago,Electric Utilities,News Sales Manager - Media,Santa Barbara, CA
525,AES,2018-07-27,13 days ago,Electric Utilities,Marketing Internship,Acton, MA
526,AES,2018-07-14,26 days ago,Electric Utilities,Facilities & Maintenance Coordinator,San Antonio, TX
527,AES,2018-07-24,16 hours ago,Electric Utilities,Sales Development Manager,San Francisco, CA
528,AES,2018-07-28,12 days ago,Electric Utilities,"AE, Senior Staff",,
529,AES,2018-07-28,12 days ago,Electric Utilities,College Navigator - Chippewa Falls (Part-time),Eau Claire, WI
530,AES,2018-07-30,10 hours ago,Electric Utilities,"Oncology Territory Manager, AML - Charleston SC",Charleston, SC
531,AES,2018-07-10,30+ days ago,Electric Utilities,Human Resources Reporting Analyst,Orlando, FL
532,AES,2018-07-27,13 days ago,Electric Utilities,Head of Sales,New York, NY
533,AES,2018-08-03,6 days ago,Electric Utilities,Sr Account Executive,Greenwood Village, SC
534,AES,2018-07-10,30+ days ago,Electric Utilities,Sales Support Intern,Pittsburgh, PA
535,AES,2018-07-10,30+ days ago,Electric Utilities,Digital Campaign Coordinator,Charlotte, NC
536,AES,2018-07-10,30+ days ago,Electric Utilities,Air Export and Import Coordinator,Valley Stream, NY
537,AES,2018-07-21,19 days ago,Electric Utilities,Audio Visual Technician,New York, NY
538,AES,2018-07-10,30+ days ago,Electric Utilities,Corporate Collections Specialist,West Chester, OH
539,AES,2018-08-02,7 days ago,Electric Utilities,Account Representative,Melville, NY
540,AES,2018-07-24,16 days ago,Electric Utilities,Contract Safety Physician - (US home based),,
541,AES,2018-08-08,1 day ago,Electric Utilities,CS- Bilingual Customer Service Representative,Indianapolis, IN
542,AES,2018-07-10,30+ days ago,Electric Utilities,Account Executive,San Francisco, CA
543,AES,2018-08-02,7 days ago,Electric Utilities,Account Executive,Palo Alto, CA
544,AES,2018-07-10,30+ days ago,Electric Utilities,Account Executive,New York, NY
545,AES,2018-07-10,30+ days ago,Electric Utilities,Senior Account Executive,Charlotte, NC
546,AES,2018-07-10,30+ days ago,Electric Utilities,Account Executive - Multicultural,Tampa, FL
547,AES,2018-07-10,30+ days ago,Electric Utilities,Transmission Specialist III,Bristol, CT
548,AES,2018-07-18,22 days ago,Electric Utilities,Applications Engineer - DC/PT,Mountain View, CA
549,AES,2018-07-10,30+ days ago,Electric Utilities,Financial Specialist,Austin, TX
550,AES,2018-07-10,30+ days ago,Electric Utilities,PIPE WELDER,,
551,AES,2018-07-17,23 days ago,Electric Utilities,SR BUSINESS SERVICES ASST,Durham, NH
552,AES,2018-07-14,26 days ago,Electric Utilities,Safety Specialist III,Kapolei, HI
553,AES,2018-07-19,21 days ago,Electric Utilities,WAREHOUSE SPECIALIST (NIGHTS 2ON 2 OFF EVERY OTHER WEEKEND),Columbus, OH
554,AES,2018-07-19,21 days ago,Electric Utilities,Warehouse Specialist (Nights 2on 2 off every other Weekend),Columbus, OH
555,AES,2018-07-28,12 days ago,Electric Utilities,Security Officer (PLV),Las Vegas, NV
556,AES,2018-07-19,21 days ago,Electric Utilities,Account Supervisor,Charlotte, NC
557,AES,2018-07-25,15 days ago,Electric Utilities,"Sales Development Rep. Richmond, VA. PS10139",Richmond, VA
558,AES,2018-07-10,30+ days ago,Electric Utilities,Inside Sales - Remote,San Diego, CA
559,AES,2018-08-07,2 days ago,Electric Utilities,Security Officer (PHV),Las Vegas, NV
560,AES,2018-07-31,9 days ago,Electric Utilities,Contractor Coordinator,Dayton, OH
561,AES,2018-08-02,7 days ago,Electric Utilities,Sr. Drug Safety Specialist,Bothell, WA
562,AES,2018-07-10,30+ days ago,Electric Utilities,Security Software Developer,Santa Clara Valley, CA
563,AES,2018-08-01,8 days ago,Electric Utilities,Clerical Support,Glen Burnie, MD
564,AES,2018-08-01,8 days ago,Electric Utilities,Women's Health Specialist - BSH - Columbus/Detroit,Columbus, OH
565,AES,2018-07-10,30+ days ago,Electric Utilities,Research Coordinator,Duarte, CA
566,AES,2018-07-25,15 days ago,Electric Utilities,Associate Director of Enrollment,Marion, IN
567,AES,2018-08-01,8 days ago,Electric Utilities,"Director, SMB Sales",San Francisco, CA
568,AES,2018-07-15,25 days ago,Electric Utilities,Account Executive,Los Angeles, CA
569,AES,2018-07-27,13 days ago,Electric Utilities,Logistics Hub Specialist,,
570,AES,2018-07-27,13 days ago,Electric Utilities,Logistics Hub Specialist,,
571,AES,2018-07-10,30+ days ago,Electric Utilities,Clinical Safety Specialist I,New Hope, MN
572,AES,2018-08-08,1 day ago,Electric Utilities,Inside Sales Specialist,Conshohocken, PA
573,AES,2018-07-24,16 days ago,Electric Utilities,Export Compliance Administrator,Atlanta, GA
574,AES,2018-07-10,30+ days ago,Electric Utilities,Post Production Manager,Culver City, CA
575,AES,2018-07-10,30+ days ago,Electric Utilities,Account Executive,New York, NY
576,AES,2018-07-10,30+ days ago,Electric Utilities,Research Assistant,New York, NY
577,AES,2018-08-02,7 days ago,Electric Utilities,Front-End Web Developer,Marion, IN
578,AES,2018-07-10,30+ days ago,Electric Utilities,Business Development Specialist,Bothell, WA
579,AES,2018-07-13,27 days ago,Electric Utilities,Host/Hostess Cashier F/T-Tap House,Laughlin, NV
580,AES,2018-07-31,9 days ago,Electric Utilities,Ground Transportation Manager,Houston, TX
581,AES,2018-07-10,30+ days ago,Electric Utilities,"Acct Exec/UW, Select",Overland Park, KS
582,AES,2018-07-31,9 days ago,Electric Utilities,Account Executive,Concord, CA
583,AES,2018-07-26,14 hours ago,Electric Utilities,"Engineers – Geotechnical, Senior, Project, & Entry Levels",Irvine, CA
584,AES,2018-07-18,22 days ago,Electric Utilities,Clinical Research Associate II,San Diego, CA
585,AES,2018-07-11,29 days ago,Electric Utilities,Press Brake Operator,Acton, MA
586,AES,2018-07-10,30+ days ago,Electric Utilities,Sales Development Representative,Sacramento, CA
587,AES,2018-07-10,30+ days ago,Electric Utilities,Customer Success Manager,Redwood City, CA
588,AES,2018-07-10,30+ days ago,Electric Utilities,Ecosystem Restoration Supervisor,Dubuque, IA
589,AES,2018-08-08,1 day ago,Electric Utilities,Surface Analysis Engineer - 1st Shift,Austin, TX
590,AES,2018-07-31,9 days ago,Electric Utilities,Franchised Assistant General Manager,Chicago, IL
591,AES,2018-08-01,8 days ago,Electric Utilities,Sales Development Representative,Denver, CO
592,AES,2018-07-14,26 days ago,Electric Utilities,Safety Specialist III,Kapolei, HI
593,AES,2018-07-19,21 days ago,Electric Utilities,Faculty Research Assistant,Corvallis, OR
594,AES,2018-07-31,9 days ago,Electric Utilities,"Engineering Technician, Failure Analysis",Sunnyvale, CA
595,AES,2018-08-08,1 day ago,Electric Utilities,Supply Purchasing Agent/Secondary Freight Traffic Specialist,Cleveland, OH
596,AES,2018-07-10,30+ days ago,Electric Utilities,Local Media Strategist,,
597,AES,2018-07-10,30+ days ago,Electric Utilities,Sales Development Representative,Washington, DC
598,AES,2018-07-10,30+ days ago,Electric Utilities,Sales Development Representative,San Francisco, CA
599,AES,2018-07-24,16 days ago,Electric Utilities,Sales Operations Analyst,Chicago, IL
600,AES,2018-07-10,30+ days ago,Electric Utilities,Sales Manager,Cleveland, OH
601,AES,2018-07-26,14 days ago,Electric Utilities,Account Executive,Beaufort, SC
602,AES,2018-07-14,26 days ago,Electric Utilities,Sales Coach,Austin, TX
603,AES,2018-07-15,25 days ago,Electric Utilities,Senior Developer,San Jose, CA
604,AES,2018-07-18,22 days ago,Electric Utilities,Import/Export Analyst,Huntsville, AL
605,AES,2018-07-10,30+ days ago,Electric Utilities,Secondary Marketing Analyst,Atlanta, GA
606,AES,2018-07-10,30+ days ago,Electric Utilities,Account Executive,Seattle, WA
607,AES,2018-07-14,26 days ago,Electric Utilities,Enterprise Business Development Representative,San Francisco, CA
608,AES,2018-07-10,30+ days ago,Electric Utilities,Ocean Export Specialist -Newark,Newark, NJ
609,AES,2018-07-26,14 days ago,Electric Utilities,Security Officer (BVG),Las Vegas, NV
610,AES,2018-08-08,1 day ago,Electric Utilities,Strategic Account Executive,Chicago, IL
611,AES,2018-07-10,30+ days ago,Electric Utilities,Heavy Equipment Operator,Prudhoe Bay, AK
612,AES,2018-07-10,30+ days ago,Electric Utilities,Electric Line Technician IV,Xenia, OH
613,AES,2018-07-10,30+ days ago,Electric Utilities,MidMarket Account Executive,San Francisco Bay Area, CA
614,AES,2018-07-10,30+ days ago,Electric Utilities,Traffic Director,Phoenix, AZ
615,AES,2018-07-24,16 days ago,Electric Utilities,HR Assistant,Washington, DC
616,AES,2018-07-10,30+ days ago,Electric Utilities,Tier III Unified Communications Engineer,Fullerton, CA
617,AES,2018-07-10,30+ days ago,Electric Utilities,Electric Line Technician IV,Xenia, OH
618,AES,2018-07-10,30+ days ago,Electric Utilities,Avaya Support Engineer,Tampa, FL
619,AES,2018-07-23,17 hours ago,Electric Utilities,Human Capital Management Software Account Executive,Philadelphia, PA
620,AES,2018-08-02,7 days ago,Electric Utilities,Sales Manager (Virtual),Birmingham, AL
621,AES,2018-08-07,2 days ago,Electric Utilities,Technical Manager External Quality,Louisville, KY
622,AES,2018-08-04,5 days ago,Electric Utilities,Camp/Facility Technician,,
623,AES,2018-07-10,30+ days ago,Electric Utilities,Sales Planning Manager,Bethlehem, PA
624,AES,2018-07-25,15 hours ago,Electric Utilities,Culinary Supervisor,Austin, TX
625,AES,2018-07-20,20 days ago,Electric Utilities,Sales Director,New York, NY
626,AES,2018-07-21,19 days ago,Electric Utilities,Clinical Research Associate,Plainsboro, NJ
627,AES,2018-07-10,30+ days ago,Electric Utilities,IT Strategy and Prioritization - Manager V,Austin, TX
628,AES,2018-08-07,2 days ago,Electric Utilities,Experienced Inventory Analyst,Sierra Vista, AZ
629,AES,2018-08-04,5 days ago,Electric Utilities,Office Administrator,Kansas City, MO
630,AES,2018-07-11,29 days ago,Electric Utilities,Enterprise Account Executive,Boston, MA
631,AES,2018-07-10,30+ days ago,Electric Utilities,Digital Account Manager,Portsmouth, NH
632,AES,2018-07-10,30+ days ago,Electric Utilities,Recruiter,Bellevue, WA
633,AES,2018-08-08,1 day ago,Electric Utilities,Sales Operations Manager,San Francisco, CA
634,AES,2018-07-10,30+ days ago,Electric Utilities,Inside Sales Representative,Frankenmuth, MI
635,AES,2018-08-01,8 days ago,Electric Utilities,"District Manager, Enterprise",Dallas, TX
636,AES,2018-07-28,12 days ago,Electric Utilities,Assembly Line Worker,Lenexa, KS
637,AES,2018-07-24,16 hours ago,Electric Utilities,Warehouse Orders and Transportation Assistant,Milwaukee, WI
638,AES,2018-08-01,8 days ago,Electric Utilities,Cocktail Server - The Pool,Reno, NV
639,AES,2018-08-03,6 days ago,Electric Utilities,Business Development Manager,Chicago, IL
640,AES,2018-08-04,5 days ago,Electric Utilities,Restaurant Shift Manager,Lafayette, IN
641,AES,2018-08-08,1 day ago,Electric Utilities,Strategic Account Executive - Chicago,Chicago, IL
642,AES,2018-07-10,30+ days ago,Electric Utilities,"GIS Analyst, Level 1",Overland Park, KS
643,AES,2018-08-04,5 days ago,Electric Utilities,Electrical Engineer,Raleigh, NC
644,AES,2018-07-10,30+ days ago,Electric Utilities,"Analytical Chemist / Cambridge, MA",Cambridge, MA
645,AES,2018-07-24,16 days ago,Electric Utilities,Clinical Subjects Coordinator,Ann Arbor, MI
646,AES,2018-08-03,6 days ago,Electric Utilities,International Logistics Specialist - Cincinnati,Hebron, KY
647,AES,2018-07-10,30+ days ago,Electric Utilities,Quality Assurance Analyst 1 (2018-058),Kirkland, WA
648,AES,2018-07-10,30+ days ago,Electric Utilities,Clinical Trial Safety Management (CTSM) Scientist,Gaithersburg, MD
649,AES,2018-07-10,30+ days ago,Electric Utilities,Sr. CRA (United States),,
650,AES,2018-07-19,21 days ago,Electric Utilities,Program/Project Administrator,Manhattan, KS
651,AES,2018-07-10,30+ days ago,Electric Utilities,Medical Advisor,Durham, NC
652,AES,2018-08-08,1 day ago,Electric Utilities,Trade Control Manager,Houston, TX
653,AES,2018-07-10,30+ days ago,Electric Utilities,Technical Support Specialist -T1,Houston, TX
654,AES,2018-07-10,30+ days ago,Electric Utilities,Technical Solution Associate,Plano, TX
655,AES,2018-07-10,30+ days ago,Electric Utilities,Sales Operations Support Specialist,Indianapolis, IN
656,AES,2018-07-10,30+ days ago,Electric Utilities,"Digital Design Engineer, Networking",Sunnyvale, CA
657,AES,2018-07-10,30+ days ago,Electric Utilities,"Specialty Equipment and Services Manager - Minneapolis, MN",Minneapolis, MN
658,AES,2018-07-31,9 days ago,Electric Utilities,Electrical Operation Technician,Kauai, HI
659,AES,2018-07-10,30+ days ago,Electric Utilities,Postdoctoral Associate,Blacksburg, VA
660,AES,2018-08-01,8 days ago,Electric Utilities,US Tax Reporting Manger,Indianapolis, IN
661,AES,2018-08-01,8 days ago,Electric Utilities,US Tax Reporting Manger,Indianapolis, IN
662,AES,2018-08-03,6 hours ago,Electric Utilities,Drill Site Maintenance Technician,,
663,AES,2018-08-03,6 days ago,Electric Utilities,Senior Account Executive- Real Estate PR and Social Media,,
664,AES,2018-08-03,6 days ago,Electric Utilities,"Account Executive- Columbus, OH",Stamford, CT
665,AES,2018-07-31,9 days ago,Electric Utilities,Electrical Operation Technician,Kauai, HI
666,AES,2018-07-10,30+ days ago,Electric Utilities,Head of Sales Operations,Redwood City, CA
667,AES,2018-07-28,12 days ago,Electric Utilities,Senior Unified Communication Engineer - AVAYA,Jacksonville, FL
668,AES,2018-08-04,5 days ago,Electric Utilities,"Manager, Import Export",Philadelphia, PA
669,AES,2018-08-05,4 hours ago,Electric Utilities,Calibre Applications Engineering Manager,Fremont, CA
670,AES,2018-07-10,30+ days ago,Electric Utilities,CLINICAL RESEARCH COORD A,Philadelphia, PA
671,AES,2018-08-06,3 days ago,Electric Utilities,Restaurant General Manager,Huber Heights, OH
672,AES,2018-07-29,11 hours ago,Electric Utilities,National Account Executive- field based California,Atlanta, GA
673,AES,2018-07-10,30+ days ago,Electric Utilities,Channel Account Executive,Boston, MA
674,AES,2018-07-14,26 days ago,Electric Utilities,Loan Officer Assistant,Atlanta, GA
675,AES,2018-08-08,1 day ago,Electric Utilities,Platform Sales Executive,Washington, DC
676,AES,2018-07-24,16 days ago,Electric Utilities,"Project Manager / Energy Projects / Integrated Master Plans / Cambridge, MA",Cambridge, MA
677,AES,2018-07-28,12 days ago,Electric Utilities,Security Officer Bike (PHV),Las Vegas, NV
678,AES,2018-08-07,2 days ago,Electric Utilities,Design Quality Engineer-1,,
679,AES,2018-07-15,25 days ago,Electric Utilities,"Regional Manager, Field Sales and Artistry – East",Philadelphia, PA
680,AES,2018-07-13,27 days ago,Electric Utilities,Account Executive Needed in Davidson/Rowan County!!!!!,Cleveland, NC
681,AES,2018-08-02,7 days ago,Electric Utilities,Small Business Renewal Account Consultant,Cypress, CA
682,AES,2018-08-07,2 days ago,Electric Utilities,"Senior Director, Sales Operations",Washington, DC
683,AES,2018-07-10,30+ days ago,Electric Utilities,Traffic Coordinator Representative,Seminole, FL
684,AES,2018-08-05,4 days ago,Electric Utilities,Association Health Plans Director of Sales,Dallas, TX
685,AES,2018-07-31,9 days ago,Electric Utilities,"Administrative Assistant to the Associate Deans, School of Nursing (SON)",Portland, OR
686,AES,2018-08-03,6 days ago,Electric Utilities,Commercial Director,Irving, TX
687,AES,2018-08-01,8 days ago,Electric Utilities,Avionics Supervisor (Non-Deployable),Sierra Vista, AZ
688,AES,2018-07-10,30+ days ago,Electric Utilities,Traffic Coordinator Representative,Seminole, FL
689,AES,2018-07-10,30+ days ago,Electric Utilities,"Postdoctoral Appointment - Energy Conversion and Storage Group, Materials Science Division",Lemont, IL
690,AES,2018-07-10,30+ days ago,Electric Utilities,Patient Education Coordinator,Cary, NC
691,AES,2018-08-04,5 days ago,Electric Utilities,Security Officer (DLV),Las Vegas, NV
692,AES,2018-07-28,12 days ago,Electric Utilities,Electrical Test Technician I,Dayton, OH
693,AES,2018-07-10,30+ days ago,Electric Utilities,Security Corporal (FLV),Las Vegas, NV
694,AES,2018-07-10,30+ days ago,Electric Utilities,Freezer Warehouse Worker,Kansas City, KS
695,AES,2018-07-31,9 days ago,Electric Utilities,Barback F/T _ Tap House,Laughlin, NV
696,AES,2018-07-10,30+ days ago,Electric Utilities,Regulatory Specialist,Boston, MA
697,AES,2018-07-10,30+ days ago,Electric Utilities,Clinical Research Coordinator,Salt Lake City, UT
698,AES,2018-07-28,12 days ago,Electric Utilities,"Logistics and Sustainment Manager / Cambridge, MA",Cambridge, MA
699,AES,2018-07-20,20 days ago,Electric Utilities,Professional Services Account Executive,,
700,AES,2018-08-03,6 days ago,Electric Utilities,Lead Qualification Specialist,Fort Myers, FL
701,AES,2018-08-04,5 days ago,Electric Utilities,Leadership Partner- Security and Risk Management,Stamford, CT
702,AES,2018-07-10,30+ days ago,Electric Utilities,Bilingual (Spanish) Entry Level Call Center Representative,Harrisburg, PA
703,AES,2018-07-10,30+ days ago,Electric Utilities,"Manager, Drug Safety",South Plainfield, NJ
704,AES,2018-07-10,30+ days ago,Electric Utilities,Mental Health Coordinator,Stanislaus County, CA
705,AES,2018-08-04,5 days ago,Electric Utilities,Security Officer Bike (FLV),Las Vegas, NV
706,AES,2018-07-28,12 days ago,Electric Utilities,Electrical Test Technician I,Dayton, OH
707,AES,2018-07-10,30+ days ago,Electric Utilities,International Traffic Manager,Menlo Park, CA
708,AES,2018-07-10,30+ days ago,Electric Utilities,"Drafter, Level 1",Overland Park, KS
709,AES,2018-07-10,30+ days ago,Electric Utilities,Patient Education Coor.,Cary, NC
710,AES,2018-08-04,5 days ago,Electric Utilities,Shipping and Receiving Associate,Kansas City, MO
711,AES,2018-07-19,21 days ago,Electric Utilities,On-Site Manager,Geismar, LA
712,AES,2018-07-10,30+ days ago,Electric Utilities,Sales Operations Manager,San Francisco, CA
713,AES,2018-07-25,15 days ago,Electric Utilities,Dual Assistant General Manager,Chicago, IL
714,AES,2018-07-17,23 days ago,Electric Utilities,Clinical Research Coordinator,Coral Gables, FL
715,AES,2018-08-08,1 day ago,Electric Utilities,RF Communication Electrical Engineer,Seattle, WA
716,AES,2018-07-28,12 hours ago,Electric Utilities,National Account Executive- field based California,Atlanta, GA
717,AES,2018-07-25,15 days ago,Electric Utilities,Business Development Executive,Foxborough, MA
718,AES,2018-08-08,1 day ago,Electric Utilities,Automation Lead - Testing Center of Excellence,Harrisburg, PA
719,AES,2018-07-10,30+ days ago,Electric Utilities,"Account Executive - Cincinnati, OH",Cincinnati, OH
720,AES,2018-07-10,30+ days ago,Electric Utilities,"Director, Mid-Market Sales",San Francisco, CA
721,AES,2018-08-04,5 days ago,Electric Utilities,Design Engineer,Birmingham, AL
722,AES,2018-07-26,14 hours ago,Electric Utilities,Security Field Training Officer (FLV),Las Vegas, NV
723,AES,2018-07-10,30+ days ago,Electric Utilities,Compensation Manager,Indianapolis, IN
724,AES,2018-08-05,4 days ago,Electric Utilities,Senior Sales Executive - Irvine,Irvine, CA
725,AES,2018-07-19,21 days ago,Electric Utilities,Global Safety Scientist,Novato, CA
726,AES,2018-07-10,30+ days ago,Electric Utilities,Clinical Res Coordinator Hlth,Ann Arbor, MI
727,AES,2018-07-10,30+ days ago,Electric Utilities,"Manager, New Customer Acquisition",Jacksonville, FL
728,AES,2018-07-10,30 days ago,Electric Utilities,Consultant Nurse (RN),Morrisville, NC
729,AES,2018-08-02,7 days ago,Electric Utilities,Senior Director of Human Resources,Anchorage, AK
730,AES,2018-07-10,30+ days ago,Electric Utilities,Internal Auditor,Indianapolis, IN
731,AES,2018-07-10,30+ days ago,Electric Utilities,Internal Auditor,Indianapolis, IN
732,AES,2018-07-20,20 days ago,Electric Utilities,Telecom Analyst II,Tampa, FL
733,AES,2018-07-25,15 days ago,Electric Utilities,Avaya Voice Engineer,Portland, OR
734,AES,2018-07-10,30+ days ago,Electric Utilities,Support Team Leader,Kapolei, HI
735,AES,2018-08-01,8 days ago,Electric Utilities,Avionics Technician (Deployable/FLEX),San Diego, CA
736,AES,2018-07-10,30+ days ago,Electric Utilities,Management Analyst IV,Austin, TX
737,AES,2018-07-10,30+ days ago,Electric Utilities,"Enterprise Account Executive, West",San Francisco Bay Area, CA
738,AES,2018-07-10,30+ days ago,Electric Utilities,"Production Test Technician Specialist 2, 2nd Shift (M-TH 4:00PM - 2:30 AM) (2017-066)",Kirkland, WA
739,AES,2018-07-17,23 days ago,Electric Utilities,"Director of Sales, Security",Palo Alto, CA
740,AES,2018-07-31,9 days ago,Electric Utilities,Clinical Nurse,San Antonio, TX
741,AES,2018-08-01,8 days ago,Electric Utilities,Electrician/Low Voltage Security Tech,Newark, DE
742,AES,2018-07-28,12 days ago,Electric Utilities,Sales Executive,Baltimore, MD
743,AES,2018-07-11,29 days ago,Electric Utilities,Digital Campaign Specialist,Jacksonville, FL
744,AES,2018-07-18,22 days ago,Electric Utilities,Sales Lead Generator-Remote,San Diego, CA
745,AES,2018-08-01,8 days ago,Electric Utilities,Account Supervisor - Automotive,Fort Lauderdale, FL
746,AES,2018-08-01,8 days ago,Electric Utilities,Airframe & Powerplant Supervisor (Non-Deployable),Sierra Vista, AZ
747,AES,2018-07-19,21 days ago,Electric Utilities,Account Executive,Chapel Hill, NC
748,AES,2018-07-10,30+ days ago,Electric Utilities,Public Sector Business Development Representative,San Francisco, CA
749,AES,2018-08-04,5 days ago,Electric Utilities,Skilled Trade Warehouse,Kansas City, MO
750,AES,2018-08-02,7 days ago,Electric Utilities,Customs Brokerage Clerk,McAllen, TX
751,AES,2018-07-10,30+ days ago,Electric Utilities,Security Guard Part-Time (IPL),Indianapolis, IN
752,AES,2018-08-04,5 days ago,Electric Utilities,Security Engineer,Seattle, WA
753,AES,2018-08-03,6 days ago,Electric Utilities,Maintenance Technician III,,
754,AES,2018-07-10,30+ days ago,Electric Utilities,Applications Engineer (16752BR),Irvine, CA
755,AES,2018-07-10,30+ days ago,Electric Utilities,"Account Executive, Construction Business Center",Centennial, CO
756,AES,2018-07-10,30+ days ago,Electric Utilities,BTS Infrastructure Manager,Lake County, IL
757,AES,2018-07-10,30+ days ago,Electric Utilities,"Program Representative- Indianapolis, IN Education Center",Indianapolis, IN
758,AES,2018-07-31,9 days ago,Electric Utilities,SUPERVISOR KITCHEN,Bloomington, IN
759,AES,2018-07-24,16 days ago,Electric Utilities,Sales Development Representative,Denver, CO
760,AES,2018-07-10,30+ days ago,Electric Utilities,Customer Success Manager - Dedicated,New York, NY
761,AES,2018-07-10,30+ days ago,Electric Utilities,Support Team Leader,Kapolei, HI
762,AES,2018-07-10,30+ days ago,Electric Utilities,Services Account Executive,Charleston, SC
763,AES,2018-07-10,30+ days ago,Electric Utilities,Account Executive,New York, NY
764,AES,2018-07-20,20 days ago,Electric Utilities,Global Safety Scientist,Novato, CA
765,AES,2018-07-31,9 days ago,Electric Utilities,Consultant Nurse,Morrisville, NC
766,AES,2018-07-10,30+ days ago,Electric Utilities,Construction Account Manager,Denver, CO
767,AES,2018-07-10,30+ days ago,Electric Utilities,Software Engineer in Test,San Francisco, CA
768,AES,2018-07-10,30+ days ago,Electric Utilities,"Scholastic Education: Regional Director, Professional Learning Services",,
769,AES,2018-08-01,8 days ago,Electric Utilities,Overnight Security Officer | Full Time,Boston, MA
770,AES,2018-07-25,15 days ago,Electric Utilities,Applications Engineer,Nashville, TN
771,AES,2018-07-10,30+ days ago,Electric Utilities,"Account Executive, Senior",San Francisco, CA
772,AES,2018-07-10,30+ days ago,Electric Utilities,SOC Analyst Tier 1,Buffalo, NY
773,AES,2018-07-19,21 hours ago,Electric Utilities,NEW SALES - ACCOUNT EXECUTIVE,New York, NY
774,AES,2018-07-10,30+ days ago,Electric Utilities,"Sales Development Rep - Mason, OH - PS7119",,
775,AES,2018-07-21,19 days ago,Electric Utilities,Safety Specialist II - Oncology Clinical Trials,,
776,AES,2018-07-17,23 days ago,Electric Utilities,Sr. Clinical Research Associate,Nashua, CA
777,AES,2018-07-26,14 days ago,Electric Utilities,Senior Account Executive,Boston, MA
778,AES,2018-07-14,26 days ago,Electric Utilities,Director of Sales,Chicago, IL
779,AES,2018-07-10,30+ days ago,Electric Utilities,"Director, Medical Research",Overland Park, KS
780,AES,2018-07-10,30+ days ago,Electric Utilities,"Director, Post Market Sureveillance",Center Valley, PA
781,AES,2018-07-10,30+ days ago,Electric Utilities,Fire Alarm Technician,Lakewood, CO
782,AES,2018-07-10,30+ days ago,Electric Utilities,Shipping and Traffic Compliance Supervisor,Pittsburgh, PA
783,AES,2018-07-26,14 hours ago,Electric Utilities,Sr. Pen Tester/Red Team,St. Louis, MO
784,AES,2018-07-10,30+ days ago,Electric Utilities,HR Business Partner (2018-044),Kirkland, WA
785,AES,2018-07-10,30+ days ago,Electric Utilities,Enterprise Account Executive,Boston, MA
786,AES,2018-08-02,7 days ago,Electric Utilities,Genesys Developer/Engineer,Alpharetta, GA
787,AES,2018-07-10,30+ days ago,Electric Utilities,Seasonal/Temporary Install Merchandiser,Chicago, IL
788,AES,2018-07-29,11 days ago,Electric Utilities,Regional Sales Director,New York, NY
789,AES,2018-07-10,30+ days ago,Electric Utilities,Senior Technical Recruiter,Bellevue, WA
790,AES,2018-08-07,2 days ago,Electric Utilities,"Account Executive, Senior (Mandarin speaking)",Newark, CA
791,AES,2018-07-17,23 days ago,Electric Utilities,"Senior Manager, Client Services (Proposals)",Raleigh-Durham, NC
792,AES,2018-07-10,30+ days ago,Electric Utilities,Technical Support Specialist,Los Angeles, CA
793,AES,2018-07-13,27 days ago,Electric Utilities,Public Relations Sr Account Executive,San Francisco, CA
794,AES,2018-07-24,16 days ago,Electric Utilities,Senior Pharmacovigilance Specialist,Philadelphia, PA
795,AES,2018-07-10,30+ days ago,Electric Utilities,"Sales Development Rep (Entry-level) - Columbus, OH - PS7152",Columbus, OH
796,AES,2018-07-18,22 days ago,Electric Utilities,Technical Support Engr I / II,Andover, MA
797,AES,2018-08-07,2 days ago,Electric Utilities,"Vice President, Television Advertising Sales",New York, NY
798,AES,2018-07-15,25 days ago,Electric Utilities,"Associate Director, Digital Communications",Bridgewater, NJ
799,AES,2018-07-10,30+ days ago,Electric Utilities,Commercial Lines Account Manager,Sheboygan, WI
800,AES,2018-07-27,13 days ago,Electric Utilities,Sales Administrator,Hazelwood, MO
801,AES,2018-07-10,30+ days ago,Electric Utilities,Hotel and Cruise Logistics Coordinator,Miami, FL
802,AES,2018-07-10,30+ days ago,Electric Utilities,Commercial Account Manager,San Francisco, CA
803,AES,2018-07-10,30 days ago,Electric Utilities,Capture Manager,Herndon, VA
804,AES,2018-08-08,1 day ago,Electric Utilities,Enterprise Account Executive Cloud Overlay,Bedford, MA
805,AES,2018-07-18,22 days ago,Electric Utilities,AVAYA Engineer,Culpeper, VA
806,AES,2018-07-10,30+ days ago,Electric Utilities,Senior Account Executive,New York, NY
807,AES,2018-07-15,25 days ago,Electric Utilities,Account Executive Wanted in Forsyth County!,Pfafftown, NC
808,AES,2018-08-02,7 days ago,Electric Utilities,Sr. Unified Comm. Engineer,Farmers Branch, TX
809,AES,2018-07-19,21 days ago,Electric Utilities,"Vice President, Operations Finance",Crystal City, VA
810,AES,2018-07-10,30+ days ago,Electric Utilities,"Field Engineering Technician, Level 1",Overland Park, KS
811,AES,2018-07-28,12 days ago,Electric Utilities,Home Health Account Executive - Florence,Florence, SC
812,AES,2018-08-02,7 days ago,Electric Utilities,Local Sales Manager,Corpus Christi, TX
813,AES,2018-07-18,22 days ago,Electric Utilities,Forklift Operator,Kansas City, KS
814,AES,2018-07-28,12 days ago,Electric Utilities,Warehouse Production Worker,Kansas City, MO
815,AES,2018-07-28,12 days ago,Electric Utilities,Material Handler,Kansas City, KS
816,AES,2018-07-10,30+ days ago,Electric Utilities,Corrosion Metallurgical Engineer,Flagstaff, AZ
817,AES,2018-07-25,15 hours ago,Electric Utilities,Sr. Director of Global Enterprise Sales,Cambridge, MA
818,AES,2018-08-02,7 hours ago,Electric Utilities,"Director, Enterprise Sales - Seattle",Seattle, WA
819,AES,2018-08-08,1 day ago,Electric Utilities,Enterprise Account Executive Cloud Overlay,Bedford, MA
820,AES,2018-07-10,30 days ago,Electric Utilities,Assistant Chief Engineer,Watertown, MA
821,AES,2018-07-10,30+ days ago,Electric Utilities,Clinical Specialist,San Jose, CA
822,AES,2018-07-28,12 days ago,Electric Utilities,Tire Technician,Kansas City, MO
823,AES,2018-07-10,30+ days ago,Electric Utilities,Compensation Manager,Indianapolis, IN
824,AES,2018-08-07,2 days ago,Electric Utilities,Staff Cyber Investigator,Cincinnati, OH
825,AES,2018-07-10,30+ days ago,Electric Utilities,Business Development Manager,Washington, DC
826,AES,2018-08-07,2 days ago,Electric Utilities,Security Field Training Officer (DLV),Las Vegas, NV
827,AES,2018-07-10,30+ days ago,Electric Utilities,Maintenance Mechanic,Pleasanton, TX
828,AES,2018-07-14,26 days ago,Electric Utilities,Lead Receiving Specialist,Sumner, WA
829,AES,2018-07-28,12 days ago,Electric Utilities,Osteria Pronto CULINARY SUPERVISOR,Indianapolis, IN
830,AES,2018-07-10,30+ days ago,Electric Utilities,Clinical Research Coordinator (RT),Aurora, CO
831,AES,2018-08-01,8 days ago,Electric Utilities,"L&D Program Manager - National Sales, Yelp Restaurants",New York, NY
832,AES,2018-07-10,30+ days ago,Electric Utilities,Export Regulatory and Compliance Specialist IV,Dallas, TX
833,AES,2018-07-10,30+ days ago,Electric Utilities,Export Compliance Specialist,Houston, TX
834,AES,2018-07-28,12 days ago,Electric Utilities,Security Officer (RIO),Las Vegas, NV
835,AES,2018-07-10,30+ days ago,Electric Utilities,ENTERPRISE ACCOUNT EXECUTIVE - DISPLAY,New York, NY
836,AES,2018-07-10,30+ days ago,Electric Utilities,Bar Porter - Beverage,Reno, NV
837,AES,2018-08-03,6 days ago,Electric Utilities,Sales Engineer,Conway, AR
838,AES,2018-07-10,30+ days ago,Electric Utilities,Make Ready Engineering Technician,Overland Park, KS
839,AES,2018-08-04,5 days ago,Electric Utilities,Development Associate-Material Process,Painted Post, NY
840,AES,2018-07-12,28 days ago,Electric Utilities,Regional Telco Business Development Lead,Houston, TX
841,AES,2018-08-07,2 days ago,Electric Utilities,Chief Risk Officer,Harrisburg, PA
842,AES,2018-08-03,6 days ago,Electric Utilities,Sr Account Executive - Dept of Energy,Arlington, VA
843,AES,2018-07-10,30+ days ago,Electric Utilities,Program Coordinator Arts Extension Service - TWO POSITIONS AVAILABLE - University of Massachusetts Amherst,Amherst, MA
844,AES,2018-07-10,30+ days ago,Electric Utilities,"Representative, Inside Sales",Alpharetta, GA
845,AES,2018-07-21,19 days ago,Electric Utilities,Logistics Coordinator,Belleville, MI
846,AES,2018-07-20,20 days ago,Electric Utilities,Ocean Export Coordinator,Atlanta, GA
847,AES,2018-07-27,13 days ago,Electric Utilities,Senior Contract Financial Analyst,Longview, TX
848,AES,2018-07-22,18 hours ago,Electric Utilities,Sr Web Developer/Linux Admin/IT/Database,Bozeman, MT
849,AES,2018-08-01,8 days ago,Electric Utilities,Experienced Avionics Technician,Barstow, CA
850,AES,2018-07-26,14 days ago,Electric Utilities,Medical Coder,Deerfield, IL
851,AES,2018-07-10,30+ days ago,Electric Utilities,Research Nurse,Salt Lake City, UT
852,AES,2018-07-10,30+ days ago,Electric Utilities,"Associate Director, Medical Information",Santa Monica, CA
853,AES,2018-07-10,30+ days ago,Electric Utilities,Sales Director,Berkeley, CA
854,AES,2018-07-10,30+ days ago,Electric Utilities,Avaya Telecommunications Analyst - Senior,Scottsdale, AZ
855,AES,2018-07-10,30+ days ago,Electric Utilities,Test Engineering Technician 3/4 (2017-079),Kirkland, WA
856,AES,2018-08-08,1 day ago,Electric Utilities,Psychiatrist,Bakersfield, CA
857,AES,2018-07-10,30+ days ago,Electric Utilities,"Project Manager, Level 1",Overland Park, KS
858,AES,2018-07-10,30+ days ago,Electric Utilities,Trade Compliance Specialist,Morton Grove, IL
859,AES,2018-07-21,19 days ago,Electric Utilities,"Account Executive, Mid Market",Needham, MA
860,AES,2018-07-28,12 days ago,Electric Utilities,Security Officer Motor (QUD),Las Vegas, NV
861,AES,2018-07-10,30+ days ago,Electric Utilities,Receiving Clerk,Kansas City, MO
862,AES,2018-07-16,24 days ago,Electric Utilities,Title Senior Account Executive,New York, NY
863,AES,2018-07-10,30+ days ago,Electric Utilities,RF/SATCOM Technician (STTR-Space Test and Training Range),Colorado Springs, CO
864,AES,2018-07-10,30+ days ago,Electric Utilities,Trade and Regulatory Compliance Analyst,Sunnyvale, CA
865,AES,2018-07-10,30+ days ago,Electric Utilities,Application Engineer,Houston, TX
866,AES,2018-07-21,19 days ago,Electric Utilities,Receiver,Kansas City, MO
867,AES,2018-07-10,30+ days ago,Electric Utilities,Chief Engineer,Portland, OR
868,AES,2018-07-10,30+ days ago,Electric Utilities,Account Executive (Boston),Boston, MA
869,AES,2018-07-11,29 days ago,Electric Utilities,Restaurant Assistant Manager,Milledgeville, GA
870,AES,2018-08-08,1 day ago,Electric Utilities,Sr. Telecommunications Analyst,San Antonio, TX
871,AES,2018-07-12,28 days ago,Electric Utilities,General Laborer,Meridian, ID
872,AES,2018-07-10,30+ days ago,Electric Utilities,Sr Professional Services Account Executive,Chicago, IL
873,AES,2018-07-10,30+ days ago,Electric Utilities,"Partner Manager, Southeast",Atlanta, GA
874,AES,2018-08-04,5 days ago,Electric Utilities,Retail Marketing Manager,New York, NY
875,AES,2018-07-10,30+ days ago,Electric Utilities,Contract Specialist III,Austin, TX
876,AES,2018-07-10,30+ days ago,Electric Utilities,Clinical Specialist,San Jose, CA
877,AES,2018-07-10,30+ days ago,Electric Utilities,Senior Sourcing and Procurement Consultant - M&A,Minnetonka, MN
878,AES,2018-07-10,30+ days ago,Electric Utilities,Customer Success Manager - Enterprise,New York, NY
879,AES,2018-07-10,30+ days ago,Electric Utilities,Maintenance Repair Technician,Belington, WV
880,AES,2018-07-28,12 days ago,Electric Utilities,Systems Engineer (2400 NASA Parkway),Houston, TX
881,AES,2018-08-03,6 days ago,Electric Utilities,IT Software Developer,Manassas, VA
882,AES,2018-07-10,30+ days ago,Electric Utilities,Mortgage Closer Account Executive,Pittsburgh, PA
883,AES,2018-07-28,12 days ago,Electric Utilities,Pega Lead,Eden Prairie, MN
884,AES,2018-07-10,30+ days ago,Electric Utilities,Maintenance Repair Technician,Belington, WV
885,AES,2018-07-10,30+ days ago,Electric Utilities,Intern ­- Trade Compliance Analyst,Auburn Hills, MI
886,AES,2018-07-19,21 days ago,Electric Utilities,Senior Account Manager - Branded Content,New York, NY
887,AES,2018-08-03,6 days ago,Electric Utilities,Administrative Officer,Washington, DC
888,AES,2018-07-26,14 hours ago,Electric Utilities,Senior Security Systems Analyst,Houston, TX
889,AES,2018-07-24,16 days ago,Electric Utilities,"Manager, Clinical Data & Safety Monitoring Committee",Coral Gables, FL
890,AES,2018-07-10,30+ days ago,Electric Utilities,Drainage Design Engineer in Training,Irvine, CA
891,AES,2018-07-10,30+ days ago,Electric Utilities,Senior Unified Communication Engineer,Farmers Branch, TX
892,AES,2018-07-10,30+ days ago,Electric Utilities,Sales Development Representative,Portland, OR
893,AES,2018-07-10,30+ days ago,Electric Utilities,Head of Sales Operations,San Francisco, CA
894,AES,2018-07-10,30+ days ago,Electric Utilities,"Export Compliance Officer - Atlanta, GA",Atlanta, GA
895,AES,2018-07-13,27 days ago,Electric Utilities,Scientific Communications Manager,Summit, NJ
896,AES,2018-07-28,12 days ago,Electric Utilities,Estimating Application Engineer I,Chicago, IL
897,AES,2018-07-10,30+ days ago,Electric Utilities,"Global Trade Compliance, Traffic Analyst OTS",Elkridge, MD
898,AES,2018-07-10,30+ days ago,Electric Utilities,Assistant Specialist in the Cooperative Extension (Sheep and Goat Herd Health and Production),Davis, CA
899,AES,2018-08-03,6 days ago,Electric Utilities,Freight Coordinator,Livonia, MI
900,AES,2018-07-12,28 days ago,Electric Utilities,Information Technology Manager/Administrative Coordinator (Assistant Director) Student Systems Services,Chicago, IL
901,AES,2018-07-29,11 hours ago,Electric Utilities,Information Security Engineer III,Cupertino, CA
902,AES,2018-07-10,30+ days ago,Electric Utilities,Laboratory Quality Trainer,New Orleans, LA
903,AES,2018-07-10,30+ days ago,Electric Utilities,Sales Account Manager- Tennessee and Alabama,Nashville, TN
904,AES,2018-07-19,21 days ago,Electric Utilities,Information Security Analyst,New York, NY
905,AES,2018-07-10,30+ days ago,Electric Utilities,Sales Enablement Specialist,Cary, NC
906,AES,2018-07-10,30+ days ago,Electric Utilities,"Senior Scientist, Drug Safety & Pharmacovigilance",San Diego, CA
907,AES,2018-07-27,13 days ago,Electric Utilities,Oncology Territory Manager - Bakersfield CA,Bakersfield, CA
908,AES,2018-07-10,30+ days ago,Electric Utilities,Test Technician - Temporary,Hawthorne, CA
909,AES,2018-07-20,20 days ago,Electric Utilities,Security Engineer Intern,San Jose, CA
910,AES,2018-07-10,30+ days ago,Electric Utilities,"Account Executive Officer, Construction Business Center",Centennial, CO
911,AES,2018-07-10,30+ days ago,Electric Utilities,Inside Sales Manager,Los Angeles, CA
912,AES,2018-07-10,30+ days ago,Electric Utilities,Entry Level Electrical Engineer,West Mifflin, PA
913,AES,2018-07-10,30+ days ago,Electric Utilities,"Account Executive/Underwriter, Select",Alpharetta, GA
914,AES,2018-07-10,30+ days ago,Electric Utilities,Regional Director SLED - Central/West,,
915,AES,2018-08-01,8 days ago,Electric Utilities,Cryptographic Services Developer,Research Triangle Park, NC
916,AES,2018-08-07,2 days ago,Electric Utilities,Classified Systems Administrator,Colorado Springs, CO
917,AES,2018-07-13,27 days ago,Electric Utilities,Contract Administration Mgr I,Austin, TX
918,AES,2018-08-03,6 days ago,Electric Utilities,Sr Account Executive - MN,Stamford, CT
919,AES,2018-07-10,30+ days ago,Electric Utilities,Environmental Consulting Director,Sacramento, CA
920,AES,2018-07-24,16 days ago,Electric Utilities,"Operational Excellence Manager - Dallas, TX",Dallas, TX
921,AES,2018-07-10,30+ days ago,Electric Utilities,Business Development Director,Centennial, CO
922,AES,2018-07-10,30 days ago,Electric Utilities,Product Manager,Colorado Springs, CO
923,AES,2018-07-10,30+ days ago,Electric Utilities,Linux Programmer,Colorado Springs, CO
924,AES,2018-07-20,20 days ago,Electric Utilities,National Digital Campaign Manager - NBCOTS and Telemundo Stations,New York, NY
925,AES,2018-07-10,30+ days ago,Electric Utilities,Sales Manager,New York, NY
926,AES,2018-07-10,30+ days ago,Electric Utilities,DIGITAL INNOVATION GROUP – ACCOUNT MANAGER,New York, NY
927,AES,2018-07-11,29 days ago,Electric Utilities,"Senior Account Executive, Consumer - Havas Formula",New York, NY
928,AES,2018-07-20,20 days ago,Electric Utilities,Freight Forwarding Agent Miami,West Palm Beach, FL
929,AES,2018-08-05,4 days ago,Electric Utilities,Pega Systems Architect,Eden Prairie, MN
930,AES,2018-07-26,14 days ago,Electric Utilities,Bartender F/T - Tap House,Laughlin, NV
931,AES,2018-08-07,2 days ago,Electric Utilities,Shipping and Receiving warehouse associate,Jacksonville, FL
932,AES,2018-07-21,19 days ago,Electric Utilities,Director of Finance,Colorado Springs, CO
933,AES,2018-07-10,30+ days ago,Electric Utilities,"Senior Clinical Research Data Specialist , Phase I - VICC",Nashville, TN
934,AES,2018-08-08,1 day ago,Electric Utilities,Project Engineer,Mission Viejo, CA
935,AES,2018-07-10,30+ days ago,Electric Utilities,"Area Vice President - Sales, Capital Equipment",Chicago, IL
936,AES,2018-07-26,14 days ago,Electric Utilities,Senior Account Director,San Francisco, CA
937,AES,2018-07-10,30+ days ago,Electric Utilities,Culinary Supervisor Monthly,Saratoga, WY
938,AES,2018-07-31,9 days ago,Electric Utilities,Senior Network Architect,Dallas, TX
939,AES,2018-07-10,30+ days ago,Electric Utilities,Junior Civil Engineering,Irvine, CA
940,AES,2018-07-10,30+ days ago,Electric Utilities,Sales Technology Support Specialist,Calhoun, GA
941,AES,2018-07-10,30+ days ago,Electric Utilities,Clerical Export Customer Service Specialist,Charleston, SC
942,AES,2018-07-14,26 days ago,Electric Utilities,Telecom Engineer,Hartford, CT
943,AES,2018-07-10,30+ days ago,Electric Utilities,"Senior Analyst, Executive Compensation",Arlington, VA
944,AES,2018-08-03,6 days ago,Electric Utilities,Ocean Export Coordinator - Japanese Bilingual,Carson, CA
945,AES,2018-07-10,30+ days ago,Electric Utilities,"LC AES/Veterinary Technology Lab Assistant, Work Study",Fort Collins, CO
946,AES,2018-07-10,30+ days ago,Electric Utilities,Solution Principal,,
947,AES,2018-07-10,30+ days ago,Electric Utilities,Program Manager 4 2018-049,Kirkland, WA
948,AES,2018-07-10,30+ days ago,Electric Utilities,Regional Sales Director - Southern California,,
949,AES,2018-07-18,22 days ago,Electric Utilities,Applications Engineer SR II,San Diego, CA
950,AES,2018-07-28,12 days ago,Electric Utilities,Human Resources Generalist,Southfield, MI
951,AES,2018-07-10,30+ days ago,Electric Utilities,Engineering Technician 4 (2018-057),Kirkland, WA
952,AES,2018-07-10,30+ days ago,Electric Utilities,Global Trade Compliance Traffic Analyst Detection,Elkridge, MD
953,AES,2018-07-10,30+ days ago,Electric Utilities,Senior Research Coordinator,Duarte, CA
954,AES,2018-07-10,30+ days ago,Electric Utilities,Sr. Sales Enablement Specialist,Cary, NC
955,AES,2018-07-10,30+ days ago,Electric Utilities,Position 15-09a Assistant Professor in Spatial and Environmental Informatics,Davis, CA
956,AES,2018-07-10,30+ days ago,Electric Utilities,Ocean Export Specialist,San Francisco, CA
957,AES,2018-07-10,30+ days ago,Electric Utilities,Airfreight Supervisor,El Paso, TX
958,AES,2018-07-21,19 days ago,Electric Utilities,Sales Enablement Manager,Palo Alto, CA
959,AES,2018-07-26,14 days ago,Electric Utilities,Clinical Research Specialist,,
960,AES,2018-07-12,28 days ago,Electric Utilities,Test Technician,Meridian, ID
961,AES,2018-07-19,21 days ago,Electric Utilities,Clinical Research Associate II,,
962,AES,2018-07-10,30+ days ago,Electric Utilities,Engineer II-Avaya Implementation,Broken Arrow, OK
963,AES,2018-07-10,30+ days ago,Electric Utilities,SUPERVISOR CULINARY,Austin, TX
964,AES,2018-07-10,30+ days ago,Electric Utilities,Clinical Applications Specialist,St. Louis, MO
965,AES,2018-07-10,30+ days ago,Electric Utilities,Import and Export Coordinator,New Orleans, LA
966,AES,2018-07-10,30+ days ago,Electric Utilities,Global Safety Sr Mgr,Cambridge, MA
967,AES,2018-08-08,1 day ago,Electric Utilities,Security Officer w/EMT Certification (VEG),Las Vegas, NV
968,AES,2018-07-10,30+ days ago,Electric Utilities,Senior Telecom Engineer,Omaha, NE
969,AES,2018-08-03,6 days ago,Electric Utilities,Sr Account Executive- Portuguese Speaking,Irving, TX
970,AES,2018-07-25,15 days ago,Electric Utilities,Export Coordinator,Elk Grove Village, IL
971,AES,2018-07-10,30+ days ago,Electric Utilities,Sr CRA II (Oncology),,
972,AES,2018-07-10,30+ days ago,Electric Utilities,"Sales Training Manager, Books",Ipswich, MA
973,AES,2018-07-31,9 days ago,Electric Utilities,Design Engineer IV,Norfolk, VA
974,AES,2018-07-10,30+ days ago,Electric Utilities,Senior Account Executive - Enterprise Data Sales,Seattle, WA
975,AES,2018-07-10,30+ days ago,Electric Utilities,Digital Sales Manager - Twin Falls,Twin Falls, ID
976,AES,2018-07-12,28 days ago,Electric Utilities,Avaya Engineer,,
977,AES,2018-08-04,5 days ago,Electric Utilities,Air Duct Cleaner,Kansas City, MO
978,AES,2018-07-10,30+ days ago,Electric Utilities,Research Lab Assistant,Greensboro, NC
979,AES,2018-07-20,20 days ago,Electric Utilities,Senior Account Executive - Atlanta,Atlanta, GA
980,AES,2018-07-10,30+ days ago,Electric Utilities,"Sr Analyst/Manager, Sales Operations",Palo Alto, CA
981,AES,2018-07-10,30+ days ago,Electric Utilities,Regional BWSI Sales Mgr,Chicago, IL
982,AES,2018-07-19,21 days ago,Electric Utilities,Advertising Account Executive,New York, NY
983,AES,2018-07-10,30+ days ago,Electric Utilities,"Associate Director, Corp Drug Safety & Pharmacoepi",Township of Monroe, NJ
984,AES,2018-07-10,30+ days ago,Electric Utilities,Director of Clinical Development,Irvine, CA
985,AES,2018-08-07,2 days ago,Electric Utilities,Omega Development Platform Lead - VP,New York, NY
986,AES,2018-07-10,30+ days ago,Electric Utilities,CAS Compliance Manager,Washington, DC
987,AES,2018-07-10,30+ days ago,Electric Utilities,Hardware Security Engineer,Seattle, WA
988,AES,2018-08-05,4 days ago,Electric Utilities,DevOps Developer,San Jose, CA
989,AES,2018-07-28,12 days ago,Electric Utilities,Global EHS Operations & Construction Specialist – Industrial Hygiene,Indianapolis, IN
990,AES,2018-07-10,30+ days ago,Electric Utilities,Clinical Research Associate (NCI),Frederick, MD
991,AES,2018-07-10,30+ days ago,Electric Utilities,"Team Leader, Generation",Petersburg, IN
992,AES,2018-08-02,7 days ago,Electric Utilities,HHPC - Project Engineer at NASA,Houston, TX
993,AES,2018-07-10,30+ days ago,Electric Utilities,Vice President of Sales,Ellisville, MO
994,AES,2018-07-13,27 days ago,Electric Utilities,Production Worker,Meridian, ID
995,AES,2018-08-04,5 days ago,Electric Utilities,Wholesale Operations Team Lead (POD Leader),Plymouth Meeting, PA
996,AES,2018-07-10,30+ days ago,Electric Utilities,Account Based Marketing Lead - Americas,Las Colinas, TX
997,AES,2018-07-10,30+ days ago,Electric Utilities,SRII Applications Engineer,Austin, TX
998,AES,2018-07-10,30+ days ago,Electric Utilities,Export Compliance & Regulatory Specialist,Rock Hill, SC
999,AES,2018-07-12,28 days ago,Electric Utilities,Postdoctoral Research Associate - Chemistry,Upton, NY
1000,AES,2018-07-10,30+ days ago,Electric Utilities,Drug Safety Associate I,South San Francisco, CA
1001,AES,2018-07-10,30+ days ago,Electric Utilities,"Design Engineer, Level 1",Overland Park, KS
1002,AES,2018-07-10,30+ days ago,Electric Utilities,Outpatient Coding Specialist III (IR),Newark, CA
1003,AES,2018-07-10,30+ days ago,Electric Utilities,Junior Business Development Representative Sales Intern,Rockville, MD
1004,AES,2018-07-27,13 days ago,Electric Utilities,Export Regulatory and Compliance Specialist IV,Dallas, TX
1005,AES,2018-07-20,20 days ago,Electric Utilities,Medical Records Clerk,Anchorage, AK
1006,AES,2018-07-10,30+ days ago,Electric Utilities,Ocean Export Operations/Customer Service - Freight Forwarder,Baltimore, MD
1007,AES,2018-07-10,30+ days ago,Electric Utilities,Cyber Intelligence Analyst,Evendale, OH
1008,AES,2018-07-10,30+ days ago,Electric Utilities,System Engineer,El Segundo, CA
1009,AES,2018-07-10,30+ days ago,Electric Utilities,"Industrial Chemist / Process Development / Cambridge, MA",Cambridge, MA
1010,AES,2018-07-13,27 days ago,Electric Utilities,Senior Internal Auditor,Harrisburg, PA
1011,AES,2018-07-10,30+ days ago,Electric Utilities,"Associate Manager, DSP",Niles, IL
1012,AES,2018-07-10,30+ days ago,Electric Utilities,"Sr. Safety Specialist – Device/Drug - Clinical Trials - Home Based, US",,
1013,AES,2018-07-10,30 days ago,Electric Utilities,Quality Engineer,Whitehall, MI
1014,AES,2018-07-28,12 days ago,Electric Utilities,Global EHS Operations & Construction Specialist – Industrial Hygiene,Indianapolis, IN
1015,AES,2018-07-19,21 hours ago,Electric Utilities,EDI Developer,Irving, TX
1016,AES,2018-07-25,15 days ago,Electric Utilities,Services Sales Executive Northeast Commercial,,
1017,AES,2018-07-19,21 days ago,Electric Utilities,Account Manager - Commercial Lines,Downers Grove, IL
1018,AES,2018-07-13,27 days ago,Electric Utilities,PR Senior Account Executive,New York, NY
1019,AES,2018-08-03,6 days ago,Electric Utilities,"Cloud Infrastructure and Networking Thought Partner, Gartner Research",,
1020,AES,2018-07-10,30+ days ago,Electric Utilities,Posted Title Senior Account Executive,New York, NY
1021,AES,2018-07-19,21 days ago,Electric Utilities,Sr. Safety Specialist - Oncology Clinical Trials,,
1022,AES,2018-07-10,30+ days ago,Electric Utilities,Senior Director - Contact Center Solutions,Warwick, RI
1023,AES,2018-07-26,14 days ago,Electric Utilities,Logistics Clerk,Carol Stream, IL
1024,AES,2018-07-23,17 hours ago,Electric Utilities,Account Executive/Field Sales Specialist - Human Capital Management,New York, NY
1025,AES,2018-07-10,30+ days ago,Electric Utilities,"Team Leader, Generation",Petersburg, IN
1026,AES,2018-07-10,30+ days ago,Electric Utilities,Chief Engineer,Austin, TX
1027,AES,2018-07-10,30+ days ago,Electric Utilities,"Principal Associate, Controllers Risk and Governance",McLean, VA
