,Company Name,Date,Date Raw,Industry,Job Title,Location,State
0,Agilent Technologies,,,Electronics,Assembly Technician,Hayward, CA
1,Agilent Technologies,,,Electronics,Software Engineer- JIRA & SBM Solutions Specialist,Santa Clara, CA
2,Agilent Technologies,,,Electronics,"Field Service Engineer, Automation & Genomics - Bay Area",Santa Clara, CA
3,Agilent Technologies,2018-07-31,9 days ago,Electronics,Lab Assistant,Carpinteria, CA
4,Agilent Technologies,2018-07-10,30+ days ago,Electronics,Clinical Administrative Assistant - Entry Level,Carpinteria, CA
5,Agilent Technologies,2018-07-10,30+ days ago,Electronics,Biochemist Manufacturing Associate,Carpinteria, CA
6,Agilent Technologies,2018-08-03,6 days ago,Electronics,Scientist - Discovery Technologies,Thousand Oaks, CA
7,Agilent Technologies,2018-08-05,4 days ago,Electronics,Production Operator,Folsom, CA
8,Agilent Technologies,2018-07-10,30+ days ago,Electronics,Customer Service Representative,Carpinteria, CA
9,Agilent Technologies,2018-08-02,7 days ago,Electronics,Finance Representative,,
10,Agilent Technologies,2018-07-10,30+ days ago,Electronics,Assembly Technician,Hayward, CA
11,Agilent Technologies,2018-07-17,23 days ago,Electronics,Chemical Imaging Intern,Santa Clara, CA
12,Agilent Technologies,2018-07-10,30+ days ago,Electronics,Assembler Technician,Hayward, CA
13,Agilent Technologies,,,Electronics,Senior Software Engineer- Cloud Expert,Santa Clara, CA
14,Agilent Technologies,,,Electronics,GCMS Chemist,Mansfield, MA
15,Agilent Technologies,2018-07-27,13 days ago,Electronics,Laboratory Analyst,Harrisburg, PA
16,Agilent Technologies,2018-07-31,9 days ago,Electronics,Sales Data Analyst Intern,Santa Clara, CA
17,Agilent Technologies,2018-07-10,30 days ago,Electronics,Lab Technician,Port Saint Lucie-River Park, FL
18,Agilent Technologies,2018-07-27,13 days ago,Electronics,Treasury Intern,Santa Clara, CA
19,Agilent Technologies,2018-07-10,30+ days ago,Electronics,Central Territory Scheduler,Wilmington, DE
20,Agilent Technologies,2018-07-28,12 days ago,Electronics,RF System Integration Engineer – Cellular Technologies,Santa Clara Valley, CA
21,Agilent Technologies,2018-07-10,30 days ago,Electronics,Research Assistant,Carpinteria, CA
22,Agilent Technologies,2018-08-03,6 days ago,Electronics,Production Supervisor,Carpinteria, CA
23,Agilent Technologies,2018-07-10,30+ days ago,Electronics,System Debugging Engineer,Santa Clara, CA
24,Agilent Technologies,2018-07-25,15 days ago,Electronics,RF Electromagnetic,San Jose, CA
25,Agilent Technologies,2018-07-27,13 days ago,Electronics,Manufacturing Associate,Frederick, CO
26,Agilent Technologies,2018-08-04,5 days ago,Electronics,Lab -- GC/MS Analyst,Morton Grove, IL
27,Agilent Technologies,2018-07-25,15 days ago,Electronics,Manufacturing Operations Coordinator - Chemical Handler,Santa Clara, CA
28,Agilent Technologies,2018-08-04,5 days ago,Electronics,Manufacturing Tech (2nd Shift),Boulder, CO
29,Agilent Technologies,2018-07-19,21 days ago,Electronics,Buyer,Santa Clara, CA
30,Agilent Technologies,2018-07-10,30+ days ago,Electronics,Customer Service Coordinator,,
31,Agilent Technologies,2018-08-02,7 days ago,Electronics,Asc Chemist,Athens, GA
32,Agilent Technologies,2018-07-10,30+ days ago,Electronics,HR Specialist,Carpinteria, CA
33,Agilent Technologies,2018-07-10,30+ days ago,Electronics,Manufacturing Operations Coordinator,Cedar Creek, TX
34,Agilent Technologies,2018-07-23,17 hours ago,Electronics,Medical Laboratory Technologist,Huntsville, AL
35,Agilent Technologies,2018-08-03,6 days ago,Electronics,Agilent Senior RA/QA QMS Auditor,Santa Clara, CA
36,Agilent Technologies,2018-07-10,30+ days ago,Electronics,Research Associate,Carpinteria, CA
37,Agilent Technologies,2018-07-10,30+ days ago,Electronics,Mfg Operations Coordinator -Career,Wilmington, DE
38,Agilent Technologies,2018-07-10,30+ days ago,Electronics,GCMS Chemist,Mansfield, MA
39,Agilent Technologies,2018-07-10,30+ days ago,Electronics,Logistics Planner,Folsom, CA
40,Agilent Technologies,2018-07-10,30+ days ago,Electronics,"Material Handler, Lift Operator - Mid-Day Shift",Memphis, TN
41,Agilent Technologies,2018-08-08,1 day ago,Electronics,"Field Ser-vice Engineer - Florence, SC",Columbia, SC
42,Agilent Technologies,2018-07-30,10 days ago,Electronics,Asst Research Scientist,New York, NY
43,Agilent Technologies,2018-07-10,30+ days ago,Electronics,"RF Test and Measurement Equipment, Calibration Technician",Roseville, CA
44,Agilent Technologies,2018-07-10,30+ days ago,Electronics,LC Refurbishment Tech,Wilmington, DE
45,Agilent Technologies,2018-08-04,5 days ago,Electronics,Laboratory Automation Specialist,Menlo Park, CA
46,Agilent Technologies,2018-08-07,2 days ago,Electronics,Test Engineer(Intern),Argyle, MO
47,Agilent Technologies,2018-07-10,30+ days ago,Electronics,Calibration Technician / Owego,Owego, NY
48,Agilent Technologies,2018-07-28,12 days ago,Electronics,Instrument Sales Representative,Houston, TX
49,Agilent Technologies,2018-07-10,30+ days ago,Electronics,CrossLab Program Administrator,Wilmington, DE
50,Agilent Technologies,2018-07-18,22 days ago,Electronics,Laboratory Director,Petaluma, CA
51,Agilent Technologies,2018-07-10,30+ days ago,Electronics,Distribution Manager - Day Shift,Memphis, TN
52,Agilent Technologies,2018-07-10,30+ days ago,Electronics,Manufacturing Scientist-(2nd Shift),Cedar Creek, TX
53,Agilent Technologies,2018-07-10,30+ days ago,Electronics,HR Business Analyst,Santa Clara, CA
54,Agilent Technologies,2018-07-10,30 days ago,Electronics,Quality Control Analyst-(2nd Shift),Boulder, CO
55,Agilent Technologies,2018-08-01,8 days ago,Electronics,DAS Technician,Portland, OR
56,Agilent Technologies,2018-07-10,30+ days ago,Electronics,Schedule Coordinator ADS,Wilmington, DE
57,Agilent Technologies,2018-07-10,30 days ago,Electronics,"RFAB Parametric Test Technician (A, C, or 1st shifts)",Dallas, TX
58,Agilent Technologies,2018-07-10,30+ days ago,Electronics,Business Intelligence Application Specialist Internship,Santa Clara, CA
59,Agilent Technologies,2018-07-10,30+ days ago,Electronics,Regulatory Specialist,Carpinteria, CA
60,Agilent Technologies,2018-07-23,17 hours ago,Electronics,Senior Content Strategist,Santa Clara, CA
61,Agilent Technologies,2018-07-31,9 days ago,Electronics,Sr. Research Scientist,Houston, TX
62,Agilent Technologies,2018-07-27,13 days ago,Electronics,R&D Associate Scientist I/II,Gaithersburg, MD
63,Agilent Technologies,2018-07-25,15 days ago,Electronics,Pathology Applications Specialist,Phoenix, AZ
64,Agilent Technologies,2018-07-23,17 days ago,Electronics,Field Service Engineer - GC GCMS- San Francisco,San Francisco, CA
65,Agilent Technologies,2018-07-31,9 days ago,Electronics,"Scientist, Microbial Genome Engineering",Emeryville, CA
66,Agilent Technologies,2018-07-10,30+ days ago,Electronics,Chemistries & Supplies R&D Hardware Design Engineer - Agilent Crosslab Group,Wilmington, DE
67,Agilent Technologies,2018-07-10,30+ days ago,Electronics,"Project Manager, Companion Diagnostics",Carpinteria, CA
68,Agilent Technologies,2018-07-10,30+ days ago,Electronics,Customer Service Supervisor - Instruments,Wilmington, DE
69,Agilent Technologies,2018-07-18,22 days ago,Electronics,Analytical Instruments Customer Support,Wilmington, DE
70,Agilent Technologies,2018-07-23,17 hours ago,Electronics,Employment Law Counsel,Santa Clara, CA
71,Agilent Technologies,2018-07-10,30+ days ago,Electronics,Quality Control Technician,Pasadena, TX
72,Agilent Technologies,2018-08-08,1 day ago,Electronics,IGM Genetic Technologist I- Genomic Sequencing,Columbus, OH
73,Agilent Technologies,2018-07-10,30+ days ago,Electronics,Production Operating Manager,Folsom, CA
74,Agilent Technologies,2018-07-27,13 days ago,Electronics,Scientist / Senior Scientist - GLP Bioanalysis,Exton, PA
75,Agilent Technologies,2018-07-10,30+ days ago,Electronics,Cell Phone Repair Technician 2,Houston, TX
76,Agilent Technologies,2018-08-03,6 days ago,Electronics,Test Engineer Level 1,Saint George, UT
77,Agilent Technologies,2018-07-17,23 days ago,Electronics,Automation Engineer,Emeryville, CA
78,Agilent Technologies,2018-07-10,30+ days ago,Electronics,Service Coordinator,San Francisco, CA
79,Agilent Technologies,2018-07-10,30+ days ago,Electronics,Researcher 1 (NHH),Minneapolis-Saint Paul, MN
80,Agilent Technologies,2018-07-10,30+ days ago,Electronics,QC Analyst / Stability Program,Boulder, CO
81,Agilent Technologies,2018-07-10,30+ days ago,Electronics,Marketing Analytics Intern,Santa Clara, CA
82,Agilent Technologies,2018-07-18,22 days ago,Electronics,Regulated Complaint Manager,Santa Clara, CA
83,Agilent Technologies,2018-07-10,30+ days ago,Electronics,Mobile Laboratory Chemist,Signal Hill, CA
84,Agilent Technologies,2018-07-28,12 days ago,Electronics,Research Associate 3 (Human Genomics),Coral Gables, FL
85,Agilent Technologies,2018-07-10,30+ days ago,Electronics,QA Engineer- AWS Networking,Cupertino, CA
86,Agilent Technologies,2018-07-10,30+ days ago,Electronics,ICT test Maintenance Technician,San Jose, CA
87,Agilent Technologies,2018-07-10,30+ days ago,Electronics,Researcher 1 (CCRB),Minneapolis-Saint Paul, MN
88,Agilent Technologies,2018-07-10,30+ days ago,Electronics,Manufacturing Chemist - (2nd Shift),Boulder, CO
89,Agilent Technologies,2018-08-03,6 days ago,Electronics,IT Support Specialist,Boulder, CO
90,Agilent Technologies,2018-07-10,30+ days ago,Electronics,"Program Manager, Companion Diagnostics",Carpinteria, CA
91,Agilent Technologies,2018-08-04,5 days ago,Electronics,Application Chemist,Wilmington, DE
92,Agilent Technologies,2018-07-10,30+ days ago,Electronics,Test Equipment Engineer,Flora, IL
93,Agilent Technologies,2018-07-19,21 days ago,Electronics,Quality Engineer,Cedar Creek, TX
94,Agilent Technologies,2018-07-10,30+ days ago,Electronics,Field Service Representative.,Seattle, WA
95,Agilent Technologies,2018-07-10,30+ days ago,Electronics,"Scientist, Companion Diagnostics",Carpinteria, CA
96,Agilent Technologies,2018-07-10,30+ days ago,Electronics,ICA Expert,,
97,Agilent Technologies,2018-07-26,14 days ago,Electronics,Instruments Inside Sales Representative,Wilmington, DE
98,Agilent Technologies,2018-08-02,7 days ago,Electronics,MANAGER,Taunton, MA
99,Agilent Technologies,2018-07-10,30+ days ago,Electronics,Feild Service Engineer,San Diego, CA
100,Agilent Technologies,2018-08-01,8 hours ago,Electronics,"INSIDE SALES, Academic and Government Accounts Representative",Taunton, MA
101,Agilent Technologies,2018-07-13,27 days ago,Electronics,Design Control Specialist,Carpinteria, CA
102,Agilent Technologies,2018-07-10,30+ days ago,Electronics,HR Specialist - US Compliance,Santa Clara, CA
103,Agilent Technologies,2018-07-10,30+ days ago,Electronics,FSE-Intermediate,,
104,Agilent Technologies,2018-07-10,30+ days ago,Electronics,Customer Service Ops Representative-Intermediate,,
105,Agilent Technologies,2018-07-10,30+ days ago,Electronics,ACG R&D Machinist,Wilmington, DE
106,Agilent Technologies,2018-08-04,5 days ago,Electronics,Analytical Instrumentation Maintenance Technician,Morrisville, PA
107,Agilent Technologies,2018-07-24,16 days ago,Electronics,Program Manager - HR Systems and Processes,Santa Clara, CA
108,Agilent Technologies,2018-07-10,30+ days ago,Electronics,Inside Informatics SMA Specilaist,Wilmington, DE
109,Agilent Technologies,2018-07-10,30+ days ago,Electronics,Process Chemist - Silica Synthesis,Newport, DE
110,Agilent Technologies,2018-08-04,5 days ago,Electronics,Magnetic Sensor Device Engineer,Tempe, AZ
111,Agilent Technologies,2018-07-10,30+ days ago,Electronics,Associate Chromatography Inside Sales Representative,Wilmington, DE
112,Agilent Technologies,2018-07-10,30+ days ago,Electronics,Logistics Coordinator Mid-Day Shift,Memphis, TN
113,Agilent Technologies,2018-08-02,7 days ago,Electronics,Channel Competency Business Partner India,,
114,Agilent Technologies,2018-07-10,30+ days ago,Electronics,Outside Sales - California,,
115,Agilent Technologies,2018-07-26,14 days ago,Electronics,Chromatography Chemistries Account Manager - DE MD,Wilmington, DE
116,Agilent Technologies,2018-07-26,14 days ago,Electronics,"Field Service Engineer, Atomic Spectroscopy - Bay Area",San Francisco, CA
117,Agilent Technologies,2018-07-10,30+ days ago,Electronics,"Service Coordinator (Crosslab) Summit, NJ",Trenton, NJ
118,Agilent Technologies,2018-07-31,9 days ago,Electronics,Sr. IP Paralegal,Santa Clara, CA
119,Agilent Technologies,2018-08-02,7 days ago,Electronics,Account Manager,Hartford, CT
120,Agilent Technologies,2018-07-10,30+ days ago,Electronics,Customer Loyalty Program Manager,Wilmington, DE
121,Agilent Technologies,2018-07-31,9 days ago,Electronics,Sales Account Manager - Chromatography,New York, NY
122,Agilent Technologies,2018-07-28,12 days ago,Electronics,Computer System Validation - Lab,Boca Raton, FL
123,Agilent Technologies,2018-07-10,30+ days ago,Electronics,Field Service Engineer - Chromatography - Iowa,Des Moines, IA
124,Agilent Technologies,2018-07-10,30+ days ago,Electronics,Field Service Engineer,,
125,Agilent Technologies,2018-07-10,30+ days ago,Electronics,Informatics System Specialist,El Segundo, CA
126,Agilent Technologies,2018-07-10,30+ days ago,Electronics,Software Quality Engineer,Santa Clara, CA
127,Agilent Technologies,2018-07-28,12 days ago,Electronics,Technical Phone Support - GC GCMS Instrumentation,Wilmington, DE
128,Agilent Technologies,2018-07-26,14 days ago,Electronics,Atomic Spectroscopy Inside Product Specialist,Wilmington, DE
129,Agilent Technologies,2018-07-31,9 days ago,Electronics,Sales Account Manager -- Spectroscophy,New York, NY
130,Agilent Technologies,2018-08-04,5 days ago,Electronics,Sensor Characterization Engineer,Tempe, AZ
131,Agilent Technologies,2018-07-10,30+ days ago,Electronics,Cleaning Validation Engineer,Boulder, CO
132,Agilent Technologies,2018-07-26,14 days ago,Electronics,IT Administrator,Boulder, CO
133,Agilent Technologies,2018-07-10,30+ days ago,Electronics,"Injection Mold Maker (Chicopee, MA)",Chicopee, MA
134,Agilent Technologies,2018-07-10,30+ days ago,Electronics,Business Process Associate,,
135,Agilent Technologies,2018-07-10,30+ days ago,Electronics,Applications Engineer - Automation & Robotics,South San Francisco, CA
136,Agilent Technologies,2018-07-31,9 days ago,Electronics,Data Integrity Auditor -- Pharma Compliance,San Francisco, CA
137,Agilent Technologies,2018-07-10,30+ days ago,Electronics,Post Doctoral Researcher,Columbus, OH
138,Agilent Technologies,2018-07-10,30+ days ago,Electronics,"Principal Scientist, Chromatography",Union Beach, NJ
139,Agilent Technologies,2018-07-10,30+ days ago,Electronics,Clinical Affairs Scientist,Carpinteria, CA
140,Agilent Technologies,2018-07-10,30+ days ago,Electronics,Global Marcom Specialist,Santa Clara, CA
141,Agilent Technologies,2018-07-10,30+ days ago,Electronics,"Director R&D, Companion Diagnostics",Carpinteria, CA
142,Agilent Technologies,2018-07-10,30+ days ago,Electronics,Operating Manager,,
143,Agilent Technologies,2018-08-04,5 days ago,Electronics,Process Engineer-(2nd Shift),Santa Clara, CA
144,Agilent Technologies,2018-07-10,30+ days ago,Electronics,Business Process Intermediate,,
145,Agilent Technologies,2018-08-04,5 days ago,Electronics,Sr. Automation Service Engineer,Redwood City, CA
146,Agilent Technologies,2018-07-20,20 days ago,Electronics,Laboratory Automation Engineer,New York, NY
147,Agilent Technologies,2018-07-10,30+ days ago,Electronics,Analytics Support Specialist,,
148,Agilent Technologies,2018-07-11,29 days ago,Electronics,"Global Communications Manager, Diagnostics and Genomics Group (DGG)",Santa Clara, CA
149,Agilent Technologies,2018-08-07,2 days ago,Electronics,IT Systems Engineer,Marietta, GA
150,Agilent Technologies,2018-07-10,30+ days ago,Electronics,Scientist II-LIF003731,Westborough, MA
151,Agilent Technologies,2018-07-10,30+ days ago,Electronics,ICB Senior,,
152,Agilent Technologies,2018-07-10,30+ days ago,Electronics,Intern:Cell Analysis Inside Sales,Lexington, MA
153,Agilent Technologies,2018-07-10,30+ days ago,Electronics,ICB Expert,,
154,Agilent Technologies,2018-07-10,30+ days ago,Electronics,Chromatography Inside Sales Representative - Customer Cabinet Program,Wilmington, DE
155,Agilent Technologies,2018-07-18,22 days ago,Electronics,Associate Investigator – Elemental Analysis,Wilmington, DE
156,Agilent Technologies,2018-07-13,27 days ago,Electronics,Test Engineer,Tarboro, NC
157,Agilent Technologies,2018-07-10,30 days ago,Electronics,"Scientific Manager, Companion Diagnostics R&D",Carpinteria, CA
158,Agilent Technologies,2018-07-10,30+ days ago,Electronics,Account Manager-Sales,,
159,Agilent Technologies,2018-07-10,30+ days ago,Electronics,Field Service Engineer,San Francisco, CA
160,Agilent Technologies,2018-08-08,1 day ago,Electronics,Module Design Engineer,Irvine, CA
161,Agilent Technologies,2018-07-10,30+ days ago,Electronics,ICB Advanced,,
162,Agilent Technologies,2018-07-10,30+ days ago,Electronics,MetrologistQuality Engineer,Santa Rosa, CA
163,Agilent Technologies,2018-07-10,30+ days ago,Electronics,Medical Technician – Mass Spectrometry,Cedar Knolls, NJ
164,Agilent Technologies,2018-07-19,21 days ago,Electronics,"Sales Manager, Detection -- CBRNE",Santa Clara, CA
165,Agilent Technologies,2018-07-10,30+ days ago,Electronics,Software Engineer – Quality Assurance,Nashua, NH
166,Agilent Technologies,2018-07-10,30+ days ago,Electronics,"Scientist, Cancer Diagnostics Development",Carpinteria, CA
167,Agilent Technologies,2018-07-17,23 days ago,Electronics,Business Development Specialist,Raleigh, NC
168,Agilent Technologies,2018-08-03,6 days ago,Electronics,RF Engineer,Marion, MA
169,Agilent Technologies,2018-07-10,30+ days ago,Electronics,Maintenance Technician - (2nd Shift),Boulder, CO
170,Agilent Technologies,2018-07-21,19 days ago,Electronics,Quality Control Engineer,Folsom, CA
171,Agilent Technologies,2018-07-10,30+ days ago,Electronics,Business Development Manager Food,,
172,Agilent Technologies,2018-07-17,23 days ago,Electronics,RF Applications Engineer,San Jose, CA
173,Agilent Technologies,2018-08-04,5 days ago,Electronics,"Field Service Engineer, Automation & Genomics - Bay Area",Santa Clara, CA
174,Agilent Technologies,2018-07-10,30+ days ago,Electronics,Software Test Engineer,Santa Clara, CA
175,Agilent Technologies,2018-07-24,16 days ago,Electronics,RF Engineer,San Jose, CA
176,Agilent Technologies,2018-07-10,30+ days ago,Electronics,GC/MS Refurbishment Engineer,Wilmington, DE
177,Agilent Technologies,2018-07-10,30+ days ago,Electronics,Services Lifecycle Program Manager,Wilmington, DE
178,Agilent Technologies,2018-07-10,30+ days ago,Electronics,CRM Ops - Business Process Rep,,
179,Agilent Technologies,2018-07-10,30+ days ago,Electronics,Senior Application Scientist,Santa Clara, CA
180,Agilent Technologies,2018-07-18,22 days ago,Electronics,Senior Research Technician,Pasadena, CA
181,Agilent Technologies,2018-07-10,30+ days ago,Electronics,"Outside Sales - Arizona, Utah, & Nevada",,
182,Agilent Technologies,2018-07-10,30+ days ago,Electronics,Enterprise Service Sales- Southern California,San Diego, CA
183,Agilent Technologies,2018-07-10,30+ days ago,Electronics,FAST Labs - RF Researcher/Scientist,Burlington, MA
184,Agilent Technologies,2018-07-10,30+ days ago,Electronics,"Research Associate, NGS Library Preparation",Emeryville, CA
185,Agilent Technologies,2018-07-20,20 days ago,Electronics,Research Associate 1 (Center for Genome Technology's Sequencing Core),Coral Gables, FL
186,Agilent Technologies,2018-07-10,30+ days ago,Electronics,CrossLab Project Manager,Wilmington, DE
187,Agilent Technologies,2018-07-20,20 hours ago,Electronics,IT Analyst/Specialist,Portsmouth, VA
188,Agilent Technologies,2018-07-10,30+ days ago,Electronics,"Director, Business Development- Companion Diagnostics",Carpinteria, CA
189,Agilent Technologies,2018-07-10,30+ days ago,Electronics,Telecommunications Expert,Morristown, NJ
190,Agilent Technologies,2018-07-10,30+ days ago,Electronics,Sr. Product Engineer,Spicewood, TX
191,Agilent Technologies,2018-07-10,30+ days ago,Electronics,Informatics Product Specialist,Wilmington, DE
192,Agilent Technologies,2018-07-10,30+ days ago,Electronics,Commercialization Manager,Wilmington, DE
193,Agilent Technologies,2018-07-10,30+ days ago,Electronics,IGM Genetic Technologist I,Columbus, OH
194,Agilent Technologies,2018-07-10,30+ days ago,Electronics,University Research Program Manager,Santa Clara, CA
195,Agilent Technologies,2018-07-10,30+ days ago,Electronics,LCMS and Informatics Field System Specialist,Boston, MA
196,Agilent Technologies,2018-07-10,30+ days ago,Electronics,Business Development Manager - Companion Diagnostics,Carpinteria, CA
197,Agilent Technologies,2018-07-10,30+ days ago,Electronics,Account Manager- Clinical Mass Spec- Chicago,Wood Dale, IL
198,Agilent Technologies,2018-07-10,30+ days ago,Electronics,Product Support Engineer,Santa Clara, CA
199,Agilent Technologies,2018-07-10,30+ days ago,Electronics,Applications Lab Engineer-Manager,Fremont, CA
200,Agilent Technologies,2018-07-10,30+ days ago,Electronics,Process Development Scientist - Pivotal Attribute Sciences,Thousand Oaks, CA
201,Agilent Technologies,2018-07-10,30+ days ago,Electronics,Remote Technical Phone Support Engineer - LCMS Instruments,Wilmington, DE
202,Agilent Technologies,2018-07-10,30+ days ago,Electronics,Sales Account Manager- Tennessee and Alabama,Nashville, TN
203,Agilent Technologies,2018-07-10,30+ days ago,Electronics,"Application Scientist, Database and Spectral Library Development",Santa Clara, CA
204,Agilent Technologies,2018-07-10,30+ days ago,Electronics,QA Engineer- AWS Networking,Cupertino, CA
205,Agilent Technologies,2018-07-10,30+ days ago,Electronics,Digital Transformation Portfolio Manager,Santa Clara, CA
206,Agilent Technologies,2018-07-10,30+ days ago,Electronics,"Manager, Clinical Sciences Group Companion Diagnostics (CDx)",Santa Clara, CA
207,Agilent Technologies,2018-07-10,30+ days ago,Electronics,"Staff Pathologist, Companion Diagnostics",Carpinteria, CA
208,Agilent Technologies,2018-07-10,30+ days ago,Electronics,Federal Account Manager- DC/Baltimore area,Annapolis, MD
209,Agilent Technologies,2018-07-10,30+ days ago,Electronics,First Contact Sales Executive,New York, NY
210,Agilent Technologies,2018-07-10,30+ days ago,Electronics,R&D Project Manager,Lexington, MA
211,Agilent Technologies,2018-07-10,30+ days ago,Electronics,Protocol Lab Engineer,,
212,Agilent Technologies,2018-07-10,30+ days ago,Electronics,Advanced/Senior Biostatistician,Carpinteria, CA
213,Agilent Technologies,2018-07-10,30+ days ago,Electronics,Quadrupole Mass Spectrometry Marketing Manager,Santa Clara, CA
214,Agilent Technologies,2018-07-13,27 days ago,Electronics,TEST ENGINEER,Huntington, IN
215,Agilent Technologies,2018-07-10,30+ days ago,Electronics,"Scientific Researcher/Senior Scientific Researcher, Protein Chemistry",South San Francisco, CA
216,Agilent Technologies,2018-07-10,30+ days ago,Electronics,Histotechnologist II,Morrisville, NC
217,Agilent Technologies,2018-07-10,30+ days ago,Electronics,SAP BASIS Lead,Santa Clara, CA
218,Agilent Technologies,2018-07-10,30+ days ago,Electronics,Juniper Network Engineer,Sunnyvale, CA
219,Agilent Technologies,2018-07-17,23 days ago,Electronics,"Production Test Tech - Owego, NY - 128380",Owego, NY
220,Agilent Technologies,2018-07-10,30+ days ago,Electronics,Bell Labs - Analog High Speed ASIC Researcher,Murray Hill, NJ
221,Agilent Technologies,2018-07-10,30+ days ago,Electronics,IT Program Manager,Wilmington, DE
222,Agilent Technologies,2018-07-10,30+ days ago,Electronics,Metals Technical Lead,Lancaster, PA
223,Agilent Technologies,2018-07-10,30+ days ago,Electronics,"COOK, GRILL (FULL-TIME)",Wilmington, DE
224,Agilent Technologies,2018-07-25,15 days ago,Electronics,"Engineer, System Design - Internet of Things (IoT)",Bellevue, WA
225,Agilent Technologies,2018-07-10,30+ days ago,Electronics,Laboratory Automation Engineer,Morrisville, NC
226,Agilent Technologies,2018-07-10,30+ days ago,Electronics,RF Design Engineers,Germantown, MD
227,Agilent Technologies,2018-07-10,30+ days ago,Electronics,R&D Data Scientist,Santa Clara, CA
228,Agilent Technologies,2018-07-10,30+ days ago,Electronics,R & D Sr. Program Manager,Santa Clara, CA
229,Agilent Technologies,2018-07-10,30+ days ago,Electronics,Chemical Regulatory Engineer,Santa Clara, CA
230,Agilent Technologies,2018-08-01,8 days ago,Electronics,"Senior Applications Engineer, Analytics and Training",Nashua, NH
231,Agilent Technologies,2018-07-10,30+ days ago,Electronics,EDA/PDK Engineer,Hillsboro, OR
232,Agilent Technologies,2018-07-10,30+ days ago,Electronics,Automation Engineer,Mayfield Village, OH
233,Agilent Technologies,2018-07-12,28 days ago,Electronics,Signal Integrity Engineer,Lisle, IL
234,Agilent Technologies,2018-07-10,30+ days ago,Electronics,Resident Engineer,Denver, CO
235,Agilent Technologies,2018-07-10,30+ days ago,Electronics,Technical Phone Support Engineer - Automation Instruments,Santa Clara, CA
236,Agilent Technologies,2018-07-10,30+ days ago,Electronics,CMS Instrument Account Manager - Boston,Boston, MA
237,Agilent Technologies,2018-07-10,30+ days ago,Electronics,Device Engineer,San Jose, CA
238,Agilent Technologies,2018-07-10,30+ days ago,Electronics,Mobile Protocol Engineer,,
239,Agilent Technologies,2018-07-24,16 days ago,Electronics,RF Engineering Manager,Cedar Rapids, IA
240,Agilent Technologies,2018-07-26,14 days ago,Electronics,Field Service Diagnostic Equipment Engineer - Northeast Territory,Boston, MA
241,Agilent Technologies,2018-07-10,30+ days ago,Electronics,Outside Sales - New Mexico & Colorado,,
242,Agilent Technologies,2018-08-06,3 days ago,Electronics,RF Design Engineer,San Jose, CA
243,Agilent Technologies,2018-07-24,16 days ago,Electronics,"Global Marketing Program Manager, Chemistries and Supplies",Wilmington, DE
244,Agilent Technologies,2018-07-10,30+ days ago,Electronics,"Scientist I, Purification and Conjugation Development - (Gaithersburg, MD)",Gaithersburg, MD
245,Agilent Technologies,2018-07-28,12 days ago,Electronics,District Sales Manager,Dallas, TX
246,Agilent Technologies,2018-08-02,7 days ago,Electronics,SENIOR SERVICE ENGINEER,Taunton, MA
247,Agilent Technologies,2018-07-10,30+ days ago,Electronics,R&D Assistant,Salt Lake City, UT
248,Agilent Technologies,2018-07-18,22 days ago,Electronics,R&D Manager - Hardware Design Team,Wilmington, DE
249,Agilent Technologies,2018-07-10,30+ days ago,Electronics,RF/Microwave Product Design Engineer,Durham, NC
250,Agilent Technologies,2018-07-10,30+ days ago,Electronics,Field Service Engineer - LC/LCMS - Washington DC Area,Washington, DC
251,Agilent Technologies,2018-07-10,30+ days ago,Electronics,Java Developer,Santa Clara, CA
252,Agilent Technologies,2018-07-10,30+ days ago,Electronics,GCMS Application Scientist - Experienced,Wilmington, DE
253,Agilent Technologies,2018-07-22,18 days ago,Electronics,Power Amplifier Design Engineer,Newbury Park, CA
254,Agilent Technologies,2018-07-14,26 days ago,Electronics,IT Engineer II (Laboratory) - FDA,St. Louis, MO
255,Agilent Technologies,2018-07-10,30+ days ago,Electronics,NPI Mechanical Engineer,Santa Clara, CA
256,Agilent Technologies,2018-08-08,1 day ago,Electronics,R&D Electrical Engineer,Wilmington, DE
257,Agilent Technologies,2018-07-10,30+ days ago,Electronics,Sr. Program Manager Digital,Santa Clara, CA
258,Agilent Technologies,2018-07-26,14 days ago,Electronics,Senior Electromagnetics Scientist,Wright-Patterson AFB, OH
259,Agilent Technologies,2018-07-24,16 days ago,Electronics,"Manufacturing Ops Support, Materials Handling",Santa Rosa, CA
260,Agilent Technologies,2018-07-11,29 days ago,Electronics,Cyber Intel Analyst Stf,Bethesda, MD
261,Agilent Technologies,2018-07-10,30+ days ago,Electronics,Engineer/Scientist R&D 2 / Analytical Organic Chemist - GC x GC,Des Plaines, IL
262,Agilent Technologies,2018-07-10,30+ days ago,Electronics,R & D Manager -- Diagnostics and Genomics Automation,Santa Clara, CA
263,Agilent Technologies,2018-07-10,30+ days ago,Electronics,Regional Marketing Manager - India,,
264,Agilent Technologies,2018-07-10,30+ days ago,Electronics,"Automation Engineer, Lab Automation",Emeryville, CA
265,Agilent Technologies,2018-07-10,30+ days ago,Electronics,CDx Clinical Director,Carpinteria, CA
266,Agilent Technologies,2018-08-06,3 days ago,Electronics,RF/PA Design Engineer,Cedar Rapids, IA
267,Agilent Technologies,2018-07-10,30+ days ago,Electronics,"Senior Scientist, Analytical Development",Newark, CA
268,Agilent Technologies,2018-08-03,6 days ago,Electronics,"Senior Scientist, Natural Product Chemist",Cambridge, MA
269,Agilent Technologies,2018-07-10,30+ days ago,Electronics,Validation Engineer,Santa Clara, CA
270,Agilent Technologies,2018-07-10,30+ days ago,Electronics,Director of Marketing Programs & Partnerships,Santa Clara, CA
271,Agilent Technologies,2018-07-21,19 days ago,Electronics,AME Test Engineer,Florence, SC
272,Agilent Technologies,2018-07-10,30+ days ago,Electronics,"Research Associate, Drug Product Analytical Development",Cambridge, MA
273,Agilent Technologies,2018-07-12,28 days ago,Electronics,RF/EM Design Engineer,Newbury Park, CA
274,Agilent Technologies,2018-07-10,30+ days ago,Electronics,IT MA&D Integration Manager,Santa Clara, CA
275,Agilent Technologies,2018-07-25,15 days ago,Electronics,Scientist III/Senior Scientist III/Scientist IV,Rockville, MD
276,Agilent Technologies,2018-07-10,30+ days ago,Electronics,Analytics Project Manager,,
277,Agilent Technologies,2018-07-10,30+ days ago,Electronics,"Associate Sci, CAR-T Molecular Profiling & Bioinformatics",Township of Warren, NJ
278,Agilent Technologies,2018-07-10,30+ days ago,Electronics,Applications Engineer – RF & Microwave ICs,Irving, TX
279,Agilent Technologies,2018-07-10,30+ days ago,Electronics,FL - Principal Scientist in Radio Frequency EW and Electronics,Merrimack, NH
280,Agilent Technologies,2018-07-10,30+ days ago,Electronics,IT Analyst/Specialist,Portsmouth, VA
281,Agilent Technologies,2018-07-18,22 days ago,Electronics,Principal Systems Performance Engineer,Whites Creek, TN
282,Agilent Technologies,2018-07-10,30+ days ago,Electronics,Analytics Support Manager,,
283,Agilent Technologies,2018-07-10,30+ days ago,Electronics,Systems Engineer - Communications,Wayne, NJ
284,Agilent Technologies,2018-07-10,30+ days ago,Electronics,Front End UX/UI Designer,Santa Clara, CA
285,Agilent Technologies,2018-07-12,28 days ago,Electronics,Senior Manufacturing Engineer,Carpinteria, CA
286,Agilent Technologies,2018-07-28,12 days ago,Electronics,IN - Technical Sales Rep - Laboratory Sales,Indianapolis, IN
287,Agilent Technologies,2018-07-10,30+ days ago,Electronics,RF / Microwave Engineer,Phoenix, AZ
288,Agilent Technologies,2018-07-10,30+ days ago,Electronics,"Senior Director of Marketing, Genomics Solutions",Santa Clara, CA
289,Agilent Technologies,2018-07-10,30+ days ago,Electronics,Common Data Link System Engineer,Wayne, NJ
290,Agilent Technologies,2018-07-10,30+ days ago,Electronics,Electrical Project Engineer (SI),Maumelle, AR
291,Agilent Technologies,2018-07-10,30+ days ago,Electronics,Sr Test Development Engineer,Saint Petersburg, FL
292,Agilent Technologies,2018-07-10,30+ days ago,Electronics,Global Sourcing M&A Project Manager,Colorado Springs, CO
293,Agilent Technologies,2018-07-26,14 hours ago,Electronics,RF/Microwave Electrical Engineer,Nashua, NH
294,Agilent Technologies,2018-07-10,30+ days ago,Electronics,Marketing Manager- Clinical Mass Spec,Santa Clara, CA
295,Agilent Technologies,2018-07-10,30+ days ago,Electronics,Field Engineering Technician,,
296,Agilent Technologies,2018-07-10,30+ days ago,Electronics,Software Development Engineer- Client-Server Applications,Santa Clara, CA
297,Agilent Technologies,2018-07-25,15 hours ago,Electronics,"Principal/Senior Scientist, Protein Characterization ADC - mAb",Cambridge, MA
298,Agilent Technologies,2018-07-10,30+ days ago,Electronics,Business Intelligence (BI) Application Architect,Santa Clara, CA
299,Agilent Technologies,2018-07-10,30+ days ago,Electronics,Digital Data Analytics Engineer,Santa Clara, CA
300,Agilent Technologies,2018-07-10,30+ days ago,Electronics,Systems Engineer,San Jose, CA
301,Agilent Technologies,2018-07-10,30+ days ago,Electronics,Functional Test Engineer,Tarboro, NC
302,Agilent Technologies,2018-07-10,30+ days ago,Electronics,IT Senior Program Manager,Wilmington, DE
303,Agilent Technologies,2018-07-10,30 days ago,Electronics,Cyber Intel Analyst,Bethesda, MD
304,Agilent Technologies,2018-08-04,5 days ago,Electronics,Senior Module Design Engineer,Irvine, CA
305,Agilent Technologies,2018-08-02,7 days ago,Electronics,RF/Microwave Circuit Design and Validation Engineer,Fort Collins, CO
306,Agilent Technologies,2018-08-02,7 days ago,Electronics,Senior Power Amplifier Design Engineer,Irvine, CA
307,Agilent Technologies,2018-07-10,30+ days ago,Electronics,Enterprise Inside Sales Manager,Wilmington, DE
308,Agilent Technologies,2018-07-11,29 days ago,Electronics,Process Development Senior Scientist – Attribute Characterization and Analytical Sciences,Thousand Oaks, CA
309,Agilent Technologies,2018-07-10,30+ days ago,Electronics,Software Engineer- JIRA & SBM Solutions Specialist,Santa Clara, CA
310,Agilent Technologies,2018-07-29,11 days ago,Electronics,Sr. RF Applications Engineer,Irvine, CA
311,Agilent Technologies,2018-07-18,22 days ago,Electronics,Production Test Technician,Owego, NY
312,Agilent Technologies,2018-07-10,30+ days ago,Electronics,SAP Functional Architect,Wilmington, DE
313,Agilent Technologies,2018-07-10,30+ days ago,Electronics,Global MES Solution Architect,Wilmington, DE
314,Agilent Technologies,2018-07-10,30+ days ago,Electronics,Scribe Design Engineer,Boise, ID
315,Agilent Technologies,2018-07-21,19 days ago,Electronics,Sr. Clinical NGS Product Program Manager,Santa Clara, CA
316,Agilent Technologies,2018-08-03,6 days ago,Electronics,Hardware Exploitation Engineer,Bethesda, MD
317,Agilent Technologies,2018-07-10,30+ days ago,Electronics,Lab Manager,San Diego, CA
318,Agilent Technologies,2018-07-10,30+ days ago,Electronics,Laboratory Analyst,Harrisburg, PA
319,Agilent Technologies,2018-07-10,30+ days ago,Electronics,Marketing Automation Specialist,Lexington, MA
320,Agilent Technologies,2018-07-10,30+ days ago,Electronics,IT Analyst/Specialist with a SECRET Clearance,Portsmouth, VA
321,Agilent Technologies,2018-07-10,30+ days ago,Electronics,Cyber Security Analyst,Colorado Springs, CO
322,Agilent Technologies,2018-07-10,30+ days ago,Electronics,"Senior Systems Engineer, PreSales",Dallas, TX
323,Agilent Technologies,2018-07-10,30+ days ago,Electronics,Global Regulatory Professional (Design Assurance Engineer),Santa Clara, CA
324,Agilent Technologies,2018-07-10,30+ days ago,Electronics,Manufacturing Engineering and NPI Mechanical Engineer,Wilmington, DE
325,Agilent Technologies,2018-07-27,13 days ago,Electronics,RF/Microwave Systems Architect,Scottsdale, AZ
326,Agilent Technologies,2018-07-25,15 hours ago,Electronics,"Senior Scientist, Small Molecule Analytical Development (CMC)",Cambridge, MA
327,Agilent Technologies,2018-07-10,30+ days ago,Electronics,Technical Lead - SAP -- CRM,Santa Clara, CA
328,Agilent Technologies,2018-07-10,30+ days ago,Electronics,Microwave Elec Engineer II,Nashua, NH
329,Agilent Technologies,2018-07-10,30+ days ago,Electronics,Senior Product Manager: Digital Asset Management,Santa Clara, CA
330,Agilent Technologies,2018-07-10,30+ days ago,Electronics,"Scientist, CAR-T Molecular Profiling & Bioinformatics",Township of Warren, NJ
331,Agilent Technologies,2018-07-10,30+ days ago,Electronics,Software Engineer,Wilmington, DE
332,Agilent Technologies,2018-07-10,30+ days ago,Electronics,Functional Lead -- SAP Finance and Controlling,Wilmington, DE
333,Agilent Technologies,2018-07-10,30+ days ago,Electronics,ESD Design & Characterization Engineer,Boise, ID
334,Agilent Technologies,2018-07-21,19 days ago,Electronics,Sr. Global Product Manager,Santa Clara, CA
335,Agilent Technologies,2018-07-10,30+ days ago,Electronics,Sr. Platform Engineer IP Development,Honolulu, HI
336,Agilent Technologies,2018-07-27,13 days ago,Electronics,"Engineer, Sr. Signal Integrity",Lisle, IL
337,Agilent Technologies,2018-07-19,21 days ago,Electronics,"(Contract) Research Associate, Drug Product Analytical Development",Cambridge, MA
338,Agilent Technologies,2018-07-10,30+ days ago,Electronics,Medical Affairs Director (MD Pathologist),Santa Clara, CA
339,Agilent Technologies,2018-07-17,23 days ago,Electronics,Engineer RF Microwave Design 2,Baltimore, MD
340,Agilent Technologies,2018-07-12,28 days ago,Electronics,"Senior Engineer, RF/EM Design",Arlington Heights, IL
341,Agilent Technologies,2018-07-10,30+ days ago,Electronics,Hardware Exploitation Engineer,Bethesda, MD
342,Agilent Technologies,2018-07-10,30+ days ago,Electronics,"Test Engineer Senior / Lufkin, TX",Lufkin, TX
343,Agilent Technologies,2018-07-10,30+ days ago,Electronics,Sr Device Modeling Engineer I/II,Andover, MA
344,Agilent Technologies,2018-07-10,30+ days ago,Electronics,Senior Algorithm Software Developer,Santa Clara, CA
345,Agilent Technologies,2018-07-10,30+ days ago,Electronics,Senior Advanced Systems Engineer,Louisville, KY
346,Agilent Technologies,2018-07-24,16 days ago,Electronics,Software Engineer - TS/SCI with polygraph,Chantilly, VA
347,Agilent Technologies,2018-07-10,30+ days ago,Electronics,Senior Systems Engineer - Communications,Wayne, NJ
348,Agilent Technologies,2018-07-28,12 days ago,Electronics,Electrical Senior Principal Engineer,Andover, MA
349,Agilent Technologies,2018-07-10,30+ days ago,Electronics,Electrical Engineer,Rochester, NY
350,Agilent Technologies,2018-07-10,30+ days ago,Electronics,Software Engineer with TS/SCI with Poly Clearance,Ellicott City, MD
351,Agilent Technologies,2018-07-10,30+ days ago,Electronics,Digital Solution Technical Lead,Santa Clara, CA
352,Agilent Technologies,2018-08-02,7 days ago,Electronics,Hardware Exploitation Engineer,Bethesda, MD
353,Agilent Technologies,2018-07-10,30+ days ago,Electronics,Senior R&D Electrical Engineer,Santa Clara, CA
354,Agilent Technologies,2018-07-10,30+ days ago,Electronics,Electrical Engineer II - Elec/RF,Merrimack, NH
355,Agilent Technologies,2018-08-07,2 days ago,Electronics,Principal RF/Microwave Electrical Engineer,Nashua, NH
356,Agilent Technologies,2018-07-10,30+ days ago,Electronics,"Electrical/ RF Engineer,",,
357,Agilent Technologies,2018-07-10,30+ days ago,Electronics,"Electrical Project Engineer, Signal Integrity (SI)",Lisle, IL
358,Agilent Technologies,2018-07-10,30+ days ago,Electronics,Principal Electrical Engineer - Microwave Semicondicutor Device Modeling,Andover, MA
359,Agilent Technologies,2018-08-03,6 days ago,Electronics,Senior Hardware Exploitation Engineer,Bethesda, MD
360,Agilent Technologies,2018-07-10,30+ days ago,Electronics,Sr Electrical Engineer,Cedar Rapids, IA
361,Agilent Technologies,2018-07-10,30+ days ago,Electronics,Information Technology Analyst / Specialist (CIO/Code 109),Norfolk, VA
362,Agilent Technologies,2018-07-10,30+ days ago,Electronics,"Project Engineer, Space & RF (Sr. Level)",San Diego, CA
363,Agilent Technologies,2018-07-13,27 days ago,Electronics,"Sr. RF Design Engineer - Power Amplifier (Position based in Greensboro, North Carolina)",San Jose, CA
364,Agilent Technologies,2018-07-10,30+ days ago,Electronics,Senior Hardware Exploitation Engineer,Bethesda, MD
365,Agilent Technologies,2018-07-27,13 days ago,Electronics,RF/Microwave Systems Design Engineer - Space Hardware,Scottsdale, AZ
366,Agilent Technologies,2018-07-10,30+ days ago,Electronics,Hardware Exploitation Engineer (Mid-Level),Bethesda, MD
367,Agilent Technologies,2018-07-10,30+ days ago,Electronics,Senior RF/Microwave Design Engineer - Space Hardware,Florham Park, NJ
368,Agilent Technologies,2018-07-10,30+ days ago,Electronics,Sr Electrical Engineer - RF Design,Cedar Rapids, IA
369,Agilent Technologies,2018-07-10,30+ days ago,Electronics,Senior Hardware Exploitation Engineer,Bethesda, MD
370,Agilent Technologies,2018-07-10,30+ days ago,Electronics,Senior Software Engineer- Cloud Expert,Santa Clara, CA
371,Agilent Technologies,2018-07-10,30+ days ago,Electronics,Juniper Network Engineer - TWC,Englewood, CO
372,Agilent Technologies,2018-07-10,30+ days ago,Electronics,"Project Engineer, Space & RF (Sr. Level)",San Diego, CA
373,Agilent Technologies,2018-07-13,27 days ago,Electronics,"Sr. RF Design Engineer - Power Amplifier (Position based in Greensboro, North Carolina)",San Jose, CA
374,Agilent Technologies,2018-07-10,30+ days ago,Electronics,Senior Hardware Exploitation Engineer,Bethesda, MD
375,Agilent Technologies,2018-07-27,13 days ago,Electronics,RF/Microwave Systems Design Engineer - Space Hardware,Scottsdale, AZ
376,Agilent Technologies,2018-07-10,30+ days ago,Electronics,Hardware Exploitation Engineer (Mid-Level),Bethesda, MD
377,Agilent Technologies,2018-07-10,30+ days ago,Electronics,Senior RF/Microwave Design Engineer - Space Hardware,Florham Park, NJ
378,Agilent Technologies,2018-07-10,30+ days ago,Electronics,Sr Electrical Engineer - RF Design,Cedar Rapids, IA
379,Agilent Technologies,2018-07-10,30+ days ago,Electronics,Senior Hardware Exploitation Engineer,Bethesda, MD
380,Agilent Technologies,2018-07-10,30+ days ago,Electronics,Senior Software Engineer- Cloud Expert,Santa Clara, CA
381,Agilent Technologies,2018-07-10,30+ days ago,Electronics,Juniper Network Engineer - TWC,Englewood, CO
