,Company Name,Date,Date Raw,Industry,Job Title,Location,State
0,Cardinal Health,,,Pharmaceuticals,"Assoc II, Warehouse Operations (10:00am start time)",Elgin, IL
1,Cardinal Health,2018-07-26,14 hours ago,Pharmaceuticals,"Associate II, Warehouse Operations",Olive Branch, MS
2,Cardinal Health,2018-08-08,1 day ago,Pharmaceuticals,"Associate II, Warehouse Operations (Part Time, Nights)",Elk Grove, CA
3,Cardinal Health,2018-07-17,23 hours ago,Pharmaceuticals,Delivery Driver - Pharmacy Services (Full-time 40 hours),San Jose, CA
4,Cardinal Health,2018-08-04,5 days ago,Pharmaceuticals,Delivery Driver - Pharmacy Service (Full-Time 40 hrs),Moorhead, MN
5,Cardinal Health,2018-08-01,8 hours ago,Pharmaceuticals,Warehouse Associate - ValueLink 2nd Shift,Waukegan, IL
6,Cardinal Health,2018-07-12,28 days ago,Pharmaceuticals,"Sr. Representative, Customer Service",La Vergne, TN
7,Cardinal Health,2018-08-07,2 days ago,Pharmaceuticals,Delivery Driver- Pharmacy Services (FT 40 hrs),Pompano Beach, FL
8,Cardinal Health,2018-08-04,5 days ago,Pharmaceuticals,Warehouse Associate II (M-F 3pm),Ontario, CA
9,Cardinal Health,2018-07-27,13 days ago,Pharmaceuticals,"Consultant, Territory Sales (Community Health Center Market)",,
10,Cardinal Health,2018-08-08,1 day ago,Pharmaceuticals,"Associate II, Warehouse Operations(1st Shift)",Birmingham, AL
11,Cardinal Health,2018-07-31,9 days ago,Pharmaceuticals,"Representative II, Customer Service",New York, NY
12,Cardinal Health,2018-07-10,30+ days ago,Pharmaceuticals,"Representative II, Customer Service Operations",Guaynabo, PR
13,Cardinal Health,2018-08-07,2 days ago,Pharmaceuticals,Machine Operator-3rd Shift,Norfolk, NE
14,Cardinal Health,,,Pharmaceuticals,"Supervisor, Warehouse Operations (Outbound, Night Shift, 2pm start)",Buford, GA
15,Cardinal Health,,,Pharmaceuticals,Operations Manager,Chicopee, MA
16,Cardinal Health,2018-07-17,23 days ago,Pharmaceuticals,"Inbound Associate ( M-F, 4am start)",Houston, TX
17,Cardinal Health,2018-08-07,2 days ago,Pharmaceuticals,"Coordinator, Supply Chain Inventory & Purchasing",Elwood, IL
18,Cardinal Health,2018-07-19,21 days ago,Pharmaceuticals,"Inbound Warehouse Associate ( M-F, 4am start)",Houston, TX
19,Cardinal Health,2018-07-31,9 days ago,Pharmaceuticals,"Associate I, Assembly - 14th Shift",Jacksonville, TX
20,Cardinal Health,2018-08-01,8 hours ago,Pharmaceuticals,"Associate I, Material Handlng - 2nd Shift",Fort Mill, SC
21,Cardinal Health,2018-08-03,6 days ago,Pharmaceuticals,"Associate, Warehouse Operations (Days)",Durham, NC
22,Cardinal Health,2018-08-01,8 days ago,Pharmaceuticals,"Cloth Room Operator I, Production",Camden, SC
23,Cardinal Health,2018-08-01,8 hours ago,Pharmaceuticals,"Sr. Coordinator, Inventory Management",La Vergne, TN
24,Cardinal Health,2018-08-04,5 days ago,Pharmaceuticals,Ostomy Sales Support Representative - West Region,Ontario, CA
25,Cardinal Health,2018-07-10,30+ days ago,Pharmaceuticals,Returns Associate-3rd Shift,Memphis, TN
26,Cardinal Health,,,Pharmaceuticals,Plant Manager,Wabasha, MN
27,Cardinal Health,,,Pharmaceuticals,"Associate II, Receiving(2nd)",Fort Mill, SC
28,Cardinal Health,2018-07-18,22 days ago,Pharmaceuticals,"Delivery Driver (Full-Time, 40 hours)",San Antonio, TX
29,Cardinal Health,2018-08-01,8 hours ago,Pharmaceuticals,Senior Quality Inventory Control,El Paso, TX
30,Cardinal Health,2018-07-31,9 days ago,Pharmaceuticals,Manufacturing Associate (MA) - 3rd shift Upads,Greenwood, SC
31,Cardinal Health,2018-07-14,26 days ago,Pharmaceuticals,"Warehouse Associate - Late Shift (2:00pm-10:30pm, Mon-Fri)",Elgin, IL
32,Cardinal Health,2018-08-04,5 days ago,Pharmaceuticals,"Supervisor, Operations Management - Customer Service",La Vergne, TN
33,Cardinal Health,2018-07-26,14 days ago,Pharmaceuticals,Warehouse Associate (Sun-Thurs 4:30pm start),Montgomery, NY
34,Cardinal Health,2018-07-31,9 days ago,Pharmaceuticals,Every Other Weekend-- Remote Order Entry Technician,Dublin, OH
35,Cardinal Health,2018-07-28,12 days ago,Pharmaceuticals,Health Plan Account Executive,,
36,Cardinal Health,2018-07-10,30+ days ago,Pharmaceuticals,"Assistant, Program Management (Administrative Assistant)",Columbia, MD
37,Cardinal Health,2018-07-31,9 days ago,Pharmaceuticals,"Associate II, Warehouse Operations (Day Shift)",Roanoke, TX
38,Cardinal Health,,,Pharmaceuticals,"Manager, Territory Management-Pharmaceutical Distribution",New York, NY
39,Cardinal Health,,,Pharmaceuticals,"Supervisor, Warehouse Operations (Nights)",Swedesboro, NJ
40,Cardinal Health,,,Pharmaceuticals,Inside Sales Representative - Ambulatory Care,Dublin, OH
41,Cardinal Health,2018-08-01,8 days ago,Pharmaceuticals,Pharmacy Support Clerk - Spanish Speaking (Community Health),Novato, CA
42,Cardinal Health,2018-08-01,8 hours ago,Pharmaceuticals,West Region Transportation Manager,Elk Grove, CA
43,Cardinal Health,2018-07-21,19 days ago,Pharmaceuticals,"Material Handler, Receiving - 12 hour days",Crystal Lake, IL
44,Cardinal Health,2018-07-19,21 days ago,Pharmaceuticals,"Rep II, Customer Order Management",Saint Ann, MO
45,Cardinal Health,2018-07-13,27 days ago,Pharmaceuticals,Outbound Coordinator ( Sun-Thursday shift),Houston, TX
46,Cardinal Health,2018-07-10,30+ days ago,Pharmaceuticals,Veterinary Health Inside Sales Representative,Glendale, AZ
47,Cardinal Health,2018-07-27,13 days ago,Pharmaceuticals,"Coordinator, Data Administration",Livonia, MI
48,Cardinal Health,2018-07-10,30+ days ago,Pharmaceuticals,EH&S Advisor,Dixon, CA
49,Cardinal Health,2018-08-07,2 days ago,Pharmaceuticals,"Assoc II, Warehouse Ops",El Paso, TX
50,Cardinal Health,2018-07-14,26 days ago,Pharmaceuticals,Delivery Driver - Pharmacy Services (FT - 40hrs),Birmingham, AL
51,Cardinal Health,,,Pharmaceuticals,Sr. Machine Operator - A Shift,Moberly, MO
52,Cardinal Health,,,Pharmaceuticals,Weaving Technician - Production,Camden, SC
53,Cardinal Health,,,Pharmaceuticals,Sr Technician III 2nd shift,Norfolk, NE
54,Cardinal Health,2018-08-04,5 days ago,Pharmaceuticals,"Aero-Med Associate II, Warehouse (Days)",Cranbury, NJ
55,Cardinal Health,2018-07-25,15 days ago,Pharmaceuticals,"Associate I, Material Handler(Part Time)",Fort Mill, SC
56,Cardinal Health,2018-08-08,1 day ago,Pharmaceuticals,"Associate II, Warehouse Operations (Part Time, Nights)",Elk Grove, CA
57,Cardinal Health,2018-07-10,30+ days ago,Pharmaceuticals,Inventory Specialist,Chicago, IL
58,Cardinal Health,2018-07-25,15 days ago,Pharmaceuticals,"Assoc II, Warehouse Operations (10:00am start time)",Elgin, IL
59,Cardinal Health,2018-08-07,2 days ago,Pharmaceuticals,Machine Operator-3rd Shift,Norfolk, NE
60,Cardinal Health,2018-08-01,8 days ago,Pharmaceuticals,"Associate II, Warehouse(2nd)",Weston, FL
61,Cardinal Health,2018-08-01,8 days ago,Pharmaceuticals,Weaver Associate Operator I - Production Operations,Camden, SC
62,Cardinal Health,2018-07-27,13 days ago,Pharmaceuticals,Patient Group Representative,Twinsburg, OH
63,Cardinal Health,2018-08-03,6 days ago,Pharmaceuticals,"Warehouse Associate II ( Sun-Thurs, 2pm start, OT)",Houston, TX
64,Cardinal Health,,,Pharmaceuticals,Nuclear Pharmacist,Wichita, KS
65,Cardinal Health,2018-07-25,15 days ago,Pharmaceuticals,Sr. Warehouse Associate - Training,Buford, GA
66,Cardinal Health,2018-08-03,6 days ago,Pharmaceuticals,"Associate II, Warehouse Operations ( Full-Time, Day Shift)",Indianapolis, IN
67,Cardinal Health,2018-08-01,8 days ago,Pharmaceuticals,"Representative II, Inside Sales",Staten Island, NY
68,Cardinal Health,2018-07-25,15 days ago,Pharmaceuticals,"Assoc II, Warehouse Ops 2nd Shift Order Selector",Champlin, MN
69,Cardinal Health,2018-08-03,6 days ago,Pharmaceuticals,Intake Coordinator,Lewisville, TX
70,Cardinal Health,2018-07-19,21 days ago,Pharmaceuticals,"Associate II, Assembly(Sealer)",Fort Mill, SC
71,Cardinal Health,2018-07-25,15 days ago,Pharmaceuticals,Quality Technician - 2nd Shift,Augusta, GA
72,Cardinal Health,2018-07-10,30+ days ago,Pharmaceuticals,"Technician I, Nuclear Manufacturing",Sacramento, CA
73,Cardinal Health,2018-08-03,6 days ago,Pharmaceuticals,"Material Specialist - 3rd shift (Assoc II, Warehouse Ops)",Atlanta, GA
74,Cardinal Health,2018-07-25,15 days ago,Pharmaceuticals,"Associate II, Warehouse Operations (Full-time, Nights)",Stafford, TX
75,Cardinal Health,,,Pharmaceuticals,Pharmacy Technician (Full-Time 40 hours),Indianapolis, IN
76,Cardinal Health,2018-07-10,30+ days ago,Pharmaceuticals,Sr. Delivery Driver - Pharmacy Services (Full-Time 32 hrs),Roseville, MN
77,Cardinal Health,2018-08-01,8 days ago,Pharmaceuticals,"Representative II, Inside Sales (Punjabi)",Staten Island, NY
78,Cardinal Health,2018-07-25,15 days ago,Pharmaceuticals,Associate II - Whse Ops,El Paso, TX
79,Cardinal Health,2018-07-25,15 days ago,Pharmaceuticals,"Associate II, Warehouse Operations (Inbound First Shift)",Cincinnati, OH
80,Cardinal Health,2018-08-03,6 days ago,Pharmaceuticals,Prior Authorization Specialist,Twinsburg, OH
81,Cardinal Health,2018-07-17,23 days ago,Pharmaceuticals,Coordinator - Global Trade Operations,El Paso, TX
82,Cardinal Health,2018-07-26,14 days ago,Pharmaceuticals,"Warehouse Associate II, Operations (2nd Shift)",Weston, FL
83,Cardinal Health,2018-07-13,27 days ago,Pharmaceuticals,Slasher - Material Handler - Warehouse Associate II,Camden, SC
84,Cardinal Health,2018-08-03,6 days ago,Pharmaceuticals,"Associate II, Warehouse Ops (9 AM start, M-F)",Buford, GA
85,Cardinal Health,2018-07-10,30+ days ago,Pharmaceuticals,"Associate II, Sealer",Fort Mill, SC
86,Cardinal Health,2018-07-10,30+ days ago,Pharmaceuticals,"Associate II, Receiving(2nd)",Fort Mill, SC
87,Cardinal Health,2018-08-02,7 days ago,Pharmaceuticals,"Analyst, Operations Analytics",La Vergne, TN
88,Cardinal Health,2018-07-20,20 days ago,Pharmaceuticals,"Finance Operations Coordinator, Accounts Payable",Twinsburg, OH
89,Cardinal Health,2018-08-08,1 day ago,Pharmaceuticals,"Officer II, Security",Whitestone, NY
90,Cardinal Health,2018-07-10,30+ days ago,Pharmaceuticals,Delivery Driver - Pharmacy Services (PT 20 hrs),Birmingham, AL
91,Cardinal Health,2018-07-26,14 days ago,Pharmaceuticals,Operator III - Upads - 2nd shift,Greenwood, SC
92,Cardinal Health,2018-07-10,30+ days ago,Pharmaceuticals,"Manager, Warehouse Operations (Day Shift)",Roanoke, TX
93,Cardinal Health,2018-07-19,21 days ago,Pharmaceuticals,Production Lead,La Vergne, TN
94,Cardinal Health,2018-07-27,13 days ago,Pharmaceuticals,"Account Rep, Patient Recovery (Raleigh, NC)",,
95,Cardinal Health,2018-07-10,30+ days ago,Pharmaceuticals,Assembly Associate II - 2nd Shift,Wabasha, MN
96,Cardinal Health,2018-07-10,30+ days ago,Pharmaceuticals,"Sr. Associate, QIC (1st shift)",Solon, OH
97,Cardinal Health,2018-08-03,6 days ago,Pharmaceuticals,Cloth Inspector - Production Operator II (Days),Camden, SC
98,Cardinal Health,2018-07-25,15 days ago,Pharmaceuticals,Delivery Driver- Pharmacy Services (Part-Time 20 hrs),Moorhead, MN
99,Cardinal Health,2018-08-07,2 days ago,Pharmaceuticals,"Inspector II, Quality Control- Night Crew (D)",Norfolk, NE
100,Cardinal Health,2018-07-10,30+ days ago,Pharmaceuticals,"Manager, Operations Management",Olive Branch, MS
101,Cardinal Health,2018-07-17,23 days ago,Pharmaceuticals,Data Analyst,Lewisville, TX
102,Cardinal Health,2018-07-27,13 days ago,Pharmaceuticals,"Assoc II, Warehouse Ops (Sun-Thur 1:30pm shift)",Montgomery, NY
103,Cardinal Health,2018-08-03,6 days ago,Pharmaceuticals,"Delivery Driver, Pharmacy Services (Part-time, 20 hours)",Marshfield, WI
104,Cardinal Health,2018-07-10,30+ days ago,Pharmaceuticals,Delivery Driver - Pharmacy Services (Part Time 10 hours),Tupelo, MS
105,Cardinal Health,2018-07-10,30+ days ago,Pharmaceuticals,"Coordinator, Finance Operations - 3PL",La Vergne, TN
106,Cardinal Health,2018-08-07,2 days ago,Pharmaceuticals,Pharmacy Clerk PRN (Community Health Clinic),Pawtucket, RI
107,Cardinal Health,2018-08-01,8 hours ago,Pharmaceuticals,Retail Operations Consultant (Entry Level Outside Sales),,
108,Cardinal Health,2018-08-07,2 days ago,Pharmaceuticals,"Inspector II, Quality Control- 2nd Shift",Norfolk, NE
109,Cardinal Health,2018-08-07,2 days ago,Pharmaceuticals,"Associate II, Warehouse Operations (Second Shift)",Cincinnati, OH
110,Cardinal Health,2018-07-27,13 days ago,Pharmaceuticals,Retail Operations Consultant - Sacramento,,
111,Cardinal Health,2018-07-18,22 days ago,Pharmaceuticals,Warehouse Lead,Jacksonville, FL
112,Cardinal Health,2018-07-11,29 days ago,Pharmaceuticals,"Associate II, Warehouse Operations (Part-time, Night Shift)",Stafford, TX
113,Cardinal Health,2018-08-04,5 days ago,Pharmaceuticals,Sales Ops Manager,,
114,Cardinal Health,2018-08-04,5 days ago,Pharmaceuticals,Quality Engineer,Greenwood, SC
115,Cardinal Health,2018-07-10,30+ days ago,Pharmaceuticals,"Jr. Buyer, Purchasing Analyst",Twinsburg, OH
116,Cardinal Health,2018-07-27,13 days ago,Pharmaceuticals,Cloth Operator - Doffer - Machine Operator,Camden, SC
117,Cardinal Health,2018-07-10,30+ days ago,Pharmaceuticals,"Senior Representative, Customer Order Management",Nashville, TN
118,Cardinal Health,2018-07-10,30+ days ago,Pharmaceuticals,"Associate II, Warehouse Operations (Full-time, Second Shift)",Indianapolis, IN
119,Cardinal Health,2018-08-01,8 days ago,Pharmaceuticals,Material Handling Associate I - Can Hauler,Camden, SC
120,Cardinal Health,2018-07-22,18 days ago,Pharmaceuticals,Maintenance Technician,Valencia, CA
121,Cardinal Health,2018-07-27,13 days ago,Pharmaceuticals,"Advisor, Data Analytics",,
122,Cardinal Health,2018-08-01,8 hours ago,Pharmaceuticals,Retail Pharmacist PRN (Community Health Clinic),Pawtucket, RI
123,Cardinal Health,2018-07-20,20 days ago,Pharmaceuticals,"Sr. Coordinator, Data Administration",Dublin, OH
124,Cardinal Health,2018-07-10,30+ days ago,Pharmaceuticals,"Consultant, Learning Delivery",Louisville, KY
125,Cardinal Health,2018-07-10,30+ days ago,Pharmaceuticals,2nd Shift Operations Supervisor (Sun-Thurs 2pm),Ontario, CA
126,Cardinal Health,2018-07-27,13 days ago,Pharmaceuticals,"Coordinator, National Account Sales Administration",Dublin, OH
127,Cardinal Health,2018-07-25,15 days ago,Pharmaceuticals,Associate II Warehouse Ops 2nd Shift Order Selector,Overland Park, KS
128,Cardinal Health,2018-07-27,13 days ago,Pharmaceuticals,Inside Sales Representative - Ambulatory Care,Dublin, OH
129,Cardinal Health,2018-08-07,2 days ago,Pharmaceuticals,Sr Technician III- Night Crew (D),Norfolk, NE
130,Cardinal Health,2018-07-31,9 days ago,Pharmaceuticals,"Coordinator II, Quality/Regulatory",Syracuse, NY
131,Cardinal Health,2018-07-27,13 days ago,Pharmaceuticals,Project Specialist - Supply Chain Strategy,,
132,Cardinal Health,2018-08-08,1 day ago,Pharmaceuticals,Credit Analyst,Twinsburg, OH
133,Cardinal Health,2018-07-10,30+ days ago,Pharmaceuticals,Operator IV - 2nd Shift Briefs,Greenwood, SC
134,Cardinal Health,2018-08-07,2 days ago,Pharmaceuticals,"Advisor, FP&A - Lab Products",Dublin, OH
135,Cardinal Health,2018-07-10,30+ days ago,Pharmaceuticals,"Part Time Every Other Weekend, Remote Order Entry Tech",Livonia, MI
136,Cardinal Health,2018-08-01,8 hours ago,Pharmaceuticals,"Director, Oncolytic Sales",,
137,Cardinal Health,2018-07-10,30 days ago,Pharmaceuticals,"Advisor, Strategic Sourcing",Guaynabo, PR
138,Cardinal Health,2018-08-08,1 day ago,Pharmaceuticals,"Remote Order Entry Pharmacy Technician, Every Other Weekend",Cary, NC
139,Cardinal Health,2018-07-10,30+ days ago,Pharmaceuticals,"Associate II, Warehouse Operations (Full-Time, Night Shift)",Knoxville, TN
140,Cardinal Health,2018-07-25,15 days ago,Pharmaceuticals,"Shift Lead, Warehouse Operations (Full Time, Nights)",Auburn, WA
141,Cardinal Health,2018-08-01,8 hours ago,Pharmaceuticals,Electrician - 2nd Shift (Underpads),Greenwood, SC
142,Cardinal Health,2018-07-26,14 hours ago,Pharmaceuticals,Pharmacy Operations Consultant,Los Angeles, CA
143,Cardinal Health,2018-07-11,29 days ago,Pharmaceuticals,"Associate II, Warehouse Operations (Outbound Second Shift)Value Link",Champlin, MN
144,Cardinal Health,2018-07-10,30+ days ago,Pharmaceuticals,"Consultant, Supply Chain Inventory & Purchasing",El Paso, TX
145,Cardinal Health,2018-07-10,30 days ago,Pharmaceuticals,Strategy & Analytics Analyst,Foxborough, MA
146,Cardinal Health,2018-08-03,6 days ago,Pharmaceuticals,"Senior Analyst, Inventory Management",,
147,Cardinal Health,2018-07-17,23 days ago,Pharmaceuticals,Production Supervisor - 2nd shift Upads,Greenwood, SC
148,Cardinal Health,2018-07-27,13 days ago,Pharmaceuticals,Team Leader Specialist - Night Shift,Augusta, GA
149,Cardinal Health,2018-07-13,27 days ago,Pharmaceuticals,"Associate II, Warehouse Operations (Part-time, Day Shift)",Swedesboro, NJ
150,Cardinal Health,2018-07-25,15 days ago,Pharmaceuticals,"Team Lead, Warehouse Associate (Full Time, Night Shift)",Auburn, WA
151,Cardinal Health,2018-07-21,19 days ago,Pharmaceuticals,Core Account Manager,San Diego, CA
152,Cardinal Health,2018-07-25,15 days ago,Pharmaceuticals,Customer Success Technician,Louisville, KY
153,Cardinal Health,2018-08-02,7 days ago,Pharmaceuticals,"Associate II, Warehouse Operations (Full-Time, Weekends)",Groveport, OH
154,Cardinal Health,2018-07-25,15 days ago,Pharmaceuticals,"Inspector II, Quality Control- Night Crew (C)",Norfolk, NE
155,Cardinal Health,2018-07-10,30+ days ago,Pharmaceuticals,"Manager, Warehouse Operations",Memphis, TN
156,Cardinal Health,2018-07-27,13 days ago,Pharmaceuticals,Healthcare Supply Chain Interim Leadership Consultant,,
157,Cardinal Health,2018-07-28,12 days ago,Pharmaceuticals,"Account Representative, Patient Recovery - Grand Rapids, MI",,
158,Cardinal Health,2018-07-10,30+ days ago,Pharmaceuticals,R&D Technician 2,Hazelwood, MO
159,Cardinal Health,2018-08-07,2 days ago,Pharmaceuticals,Sr Technician III- Night Crew (C),Norfolk, NE
160,Cardinal Health,2018-07-26,14 days ago,Pharmaceuticals,"Associate II, Warehouse Ops (M-F, 1 pm start)",Buford, GA
161,Cardinal Health,2018-07-10,30+ days ago,Pharmaceuticals,Field Sales Associate - Medical Surgical Products - Southern California,Los Angeles, CA
162,Cardinal Health,2018-07-20,20 days ago,Pharmaceuticals,"Coordinator, Contract and Billing",Twinsburg, OH
163,Cardinal Health,2018-07-10,30+ days ago,Pharmaceuticals,"Manager, Customer Service Management",Lewisville, TX
164,Cardinal Health,2018-07-25,15 days ago,Pharmaceuticals,"Senior Analyst, Transportation",West Palm Beach, FL
165,Cardinal Health,2018-07-10,30+ days ago,Pharmaceuticals,Pharmacy Solutions Consultant,Iowa City, IA
166,Cardinal Health,2018-07-27,13 days ago,Pharmaceuticals,Machine Operator II - 3rd Shift Underpads,Greenwood, SC
167,Cardinal Health,2018-07-26,14 days ago,Pharmaceuticals,"Associate II, Warehouse Ops. (Sunday-Thursday, night shift)",Buford, GA
168,Cardinal Health,2018-07-10,30+ days ago,Pharmaceuticals,Sr. Machine Operator - A Shift,Moberly, MO
169,Cardinal Health,2018-07-25,15 days ago,Pharmaceuticals,Weaving Technician - Production,Camden, SC
170,Cardinal Health,2018-07-12,28 days ago,Pharmaceuticals,Sr. Machine Operator - C Shift 7 PM to 7 AM,Moberly, MO
171,Cardinal Health,2018-08-02,7 days ago,Pharmaceuticals,IRIS Sales Specialist:,Minneapolis, MN
172,Cardinal Health,2018-07-10,30+ days ago,Pharmaceuticals,Associate II Warehouse Ops- NIGHT,Whitestone, NY
173,Cardinal Health,2018-07-27,13 days ago,Pharmaceuticals,"Account Rep, Patient Recovery (Philadelphia, PA)",,
174,Cardinal Health,2018-07-18,22 days ago,Pharmaceuticals,"Sr. Coordinator, Finance Ops - A/R",La Vergne, TN
175,Cardinal Health,2018-07-21,19 days ago,Pharmaceuticals,Sales Representative,Mansfield, MA
176,Cardinal Health,2018-07-10,30+ days ago,Pharmaceuticals,Sales Development Program (SDP),Chicago, IL
177,Cardinal Health,2018-07-10,30+ days ago,Pharmaceuticals,Tech II Quality Control,Nashville, TN
178,Cardinal Health,2018-07-10,30+ days ago,Pharmaceuticals,"Representative, Sales Development Program",Dublin, OH
179,Cardinal Health,2018-07-28,12 days ago,Pharmaceuticals,Retail Pharmacy Technician Part-time (Remote Order Entry),Houston, TX
180,Cardinal Health,2018-08-03,6 days ago,Pharmaceuticals,"Sr. Analyst, Supply Chain Inventory and Purchasing",Dublin, OH
181,Cardinal Health,2018-07-31,9 days ago,Pharmaceuticals,"Consultant, Account Management",,
182,Cardinal Health,2018-07-25,15 days ago,Pharmaceuticals,Sr Technician III 2nd shift,Norfolk, NE
183,Cardinal Health,2018-07-10,30+ days ago,Pharmaceuticals,"Technician II, Operations Maintenance",La Vergne, TN
184,Cardinal Health,2018-08-01,8 days ago,Pharmaceuticals,Tie-In Machine Operator II,Camden, SC
185,Cardinal Health,2018-07-21,19 days ago,Pharmaceuticals,CIMS Project Manager,Denver, CO
186,Cardinal Health,2018-08-08,1 day ago,Pharmaceuticals,"Consultant, Cordis Clinical Sales Representative",San Francisco, CA
187,Cardinal Health,2018-07-17,23 days ago,Pharmaceuticals,"Associate II, Warehouse Operations (Outbound)",Obetz, OH
188,Cardinal Health,2018-07-13,27 days ago,Pharmaceuticals,Process Management Consultant,La Vergne, TN
189,Cardinal Health,2018-07-11,29 days ago,Pharmaceuticals,"Supervisor, Warehouse Operations (Outbound, Night Shift, 2pm start)",Buford, GA
190,Cardinal Health,2018-07-21,19 days ago,Pharmaceuticals,Pharmacy Business Consultant,Denver, CO
191,Cardinal Health,2018-07-27,13 days ago,Pharmaceuticals,Sr Machine Operator - Shift D (7pm-7am),Moberly, MO
192,Cardinal Health,2018-07-24,16 days ago,Pharmaceuticals,"Manager, Black Belt (Medical)",Moberly, MO
193,Cardinal Health,2018-08-01,8 days ago,Pharmaceuticals,"Technician II, Product Engineer",El Paso, TX
194,Cardinal Health,2018-08-01,8 days ago,Pharmaceuticals,Supply Chain Planner,Mansfield, MA
195,Cardinal Health,2018-07-28,12 days ago,Pharmaceuticals,Retail Pharmacy Technician (Community Health Center),Macon, GA
196,Cardinal Health,2018-07-10,30+ days ago,Pharmaceuticals,Retail Pharmacist PRN (Community Health Center),San Rafael, CA
197,Cardinal Health,2018-07-10,30+ days ago,Pharmaceuticals,Manufacturing Supervisor,Augusta, GA
198,Cardinal Health,2018-07-28,12 days ago,Pharmaceuticals,Retail Pharmacist PRN (Community Health),Wichita, KS
199,Cardinal Health,2018-07-10,30+ days ago,Pharmaceuticals,"Assoc II, Warehouse Ops (Part Time Afternoons, M-F)",Elgin, IL
200,Cardinal Health,2018-08-07,2 days ago,Pharmaceuticals,BPCS Software Engineer,,
201,Cardinal Health,2018-07-11,29 days ago,Pharmaceuticals,"Associate II, Warehouse Operations (Part-time Days)",Greensboro, NC
202,Cardinal Health,2018-07-27,13 days ago,Pharmaceuticals,"Manager, Territory Management-Pharmaceutical Distribution",,
203,Cardinal Health,2018-07-10,30+ days ago,Pharmaceuticals,"Consultant, Black Belt - Medical Segment",Dublin, OH
204,Cardinal Health,2018-07-10,30+ days ago,Pharmaceuticals,"Representative, Inside Sales (Pharmaceutical)",Dublin, OH
205,Cardinal Health,2018-07-24,16 days ago,Pharmaceuticals,Maintenance Technician - 12 hour nights,Crystal Lake, IL
206,Cardinal Health,2018-07-10,30+ days ago,Pharmaceuticals,Inventory Implementation Manager,Cleveland, OH
207,Cardinal Health,2018-07-31,9 days ago,Pharmaceuticals,Mold Set Up Technician I- Night Crew,Norfolk, NE
208,Cardinal Health,2018-07-10,30+ days ago,Pharmaceuticals,"Supervisor, Customer Service Management",Lewisville, TX
209,Cardinal Health,2018-07-14,26 days ago,Pharmaceuticals,Lab Technician - Nights,Charlotte, NC
210,Cardinal Health,2018-07-10,30+ days ago,Pharmaceuticals,Quailty Systems Project Manager,Waukegan, IL
211,Cardinal Health,2018-07-27,13 days ago,Pharmaceuticals,"Manager, Sales Training & Effectiveness",,
212,Cardinal Health,2018-08-02,7 days ago,Pharmaceuticals,"Coordinator, Sales- Operations Support",Niagara Falls, NY
213,Cardinal Health,2018-07-10,30+ days ago,Pharmaceuticals,"Superintendent, Materials Management Manager",Norfolk, NE
214,Cardinal Health,2018-08-08,1 day ago,Pharmaceuticals,User Experience Designer,Dublin, OH
215,Cardinal Health,2018-07-10,30+ days ago,Pharmaceuticals,Warehouse Supervisor - 2nd shift,Atlanta, GA
216,Cardinal Health,2018-07-28,12 days ago,Pharmaceuticals,"Consultant, eLearning Developer & Facilitator",Houston, TX
217,Cardinal Health,2018-08-04,5 days ago,Pharmaceuticals,"Senior Specialist, Quality Assurance",East Lansing, MI
218,Cardinal Health,2018-07-17,23 days ago,Pharmaceuticals,Inside Sales Services Representative,Dublin, OH
219,Cardinal Health,2018-07-27,13 days ago,Pharmaceuticals,"Senior Specialist, Field Service - San Francisco Bay Area",San Francisco, CA
220,Cardinal Health,2018-07-10,30+ days ago,Pharmaceuticals,"AIMS Consultant, Operations Technology",Dublin, OH
221,Cardinal Health,2018-08-04,5 days ago,Pharmaceuticals,"Analyst, IT Client Sys Mgmt",Dublin, OH
222,Cardinal Health,2018-07-11,29 days ago,Pharmaceuticals,Retail Operations Consultant,Syracuse, NY
223,Cardinal Health,2018-07-10,30+ days ago,Pharmaceuticals,Expeditor II Cleveland Clinic,Cleveland, OH
224,Cardinal Health,2018-07-19,21 days ago,Pharmaceuticals,Product Sales Specialist,Madison, WI
225,Cardinal Health,2018-07-10,30+ days ago,Pharmaceuticals,Project Engineer - Manufacturing,Augusta, GA
226,Cardinal Health,2018-08-03,6 days ago,Pharmaceuticals,Senior Quality Assurance Specialist,Wichita, KS
227,Cardinal Health,2018-07-27,13 days ago,Pharmaceuticals,"Senior Specialist, Account Management (Salt Lake City)",,
228,Cardinal Health,2018-07-21,19 days ago,Pharmaceuticals,Plant Microbiologist - Principal Scientist,Augusta, GA
229,Cardinal Health,2018-08-02,7 days ago,Pharmaceuticals,Production Mechanic - 3rd Shift Briefs,Greenwood, SC
230,Cardinal Health,2018-07-10,30+ days ago,Pharmaceuticals,Project Manager,Cleveland, OH
231,Cardinal Health,2018-07-27,13 days ago,Pharmaceuticals,Regional Sales Consultant,,
232,Cardinal Health,2018-07-25,15 days ago,Pharmaceuticals,Technician I - Mechanical Set Up - Softpack - 3rd Shift,DeLand, FL
233,Cardinal Health,2018-08-03,6 days ago,Pharmaceuticals,"Sr. Specialist, EH&S",Indianapolis, IN
234,Cardinal Health,2018-08-03,6 days ago,Pharmaceuticals,"Senior Consultant, Supply Chain Inventory and Purchasing",Dublin, OH
235,Cardinal Health,2018-07-10,30+ days ago,Pharmaceuticals,"Operations Manager, Night Shift",Lakeland, FL
236,Cardinal Health,2018-08-08,1 day ago,Pharmaceuticals,"Sr Specialist, Customer Advocacy Clinical",Miami Lakes, FL
237,Cardinal Health,2018-07-10,30+ days ago,Pharmaceuticals,"Supervisor, Warehouse Operations (Nights)",Swedesboro, NJ
238,Cardinal Health,2018-08-08,1 day ago,Pharmaceuticals,"Supervisor, Operations Maintenance ( Facility and Security)",Syracuse, NY
239,Cardinal Health,2018-07-25,15 days ago,Pharmaceuticals,Regional Account Manager,Twinsburg, OH
240,Cardinal Health,2018-08-04,5 days ago,Pharmaceuticals,"Supervisor, Quality Engineer",DeLand, FL
241,Cardinal Health,2018-07-19,21 days ago,Pharmaceuticals,Senior Financial Analyst,West Des Moines, IA
242,Cardinal Health,2018-07-10,30+ days ago,Pharmaceuticals,Plant Manager,Wabasha, MN
243,Cardinal Health,2018-07-10,30+ days ago,Pharmaceuticals,Operational Excellence (OPEX) Manager,Norfolk, NE
244,Cardinal Health,2018-07-19,21 days ago,Pharmaceuticals,Maintenance Technician - C Shift,Moberly, MO
245,Cardinal Health,2018-07-27,13 days ago,Pharmaceuticals,Director Supplier Quality,,
246,Cardinal Health,2018-07-27,13 days ago,Pharmaceuticals,"Engineer, Software Engineering, Run Support",,
247,Cardinal Health,2018-08-01,8 days ago,Pharmaceuticals,"M19418 - Supervisor, Warehouse Operations 1pm VL Sun-Thurs",Baltimore, MD
248,Cardinal Health,2018-07-31,9 days ago,Pharmaceuticals,"Associate II, Warehouse Operations (Equipment Operator 11:30am-8:00pm, M-F)",Twinsburg, OH
249,Cardinal Health,2018-08-01,8 days ago,Pharmaceuticals,Account Manager-Home Care Team,Twinsburg, OH
250,Cardinal Health,2018-08-03,6 days ago,Pharmaceuticals,"Senior Specialist, Regulatory Management (EHS and QRA)",Swedesboro, NJ
251,Cardinal Health,2018-07-10,30+ days ago,Pharmaceuticals,Product Manager,Waukegan, IL
252,Cardinal Health,2018-07-27,13 days ago,Pharmaceuticals,"Territory Sales Consultant, Surgery Center (Little Rock, AR)",,
253,Cardinal Health,2018-08-08,1 day ago,Pharmaceuticals,"Sr Analyst, Supply Chain Data Analytics",Dublin, OH
254,Cardinal Health,2018-07-27,13 days ago,Pharmaceuticals,"Senior Consultant, Clinical Operations",,
255,Cardinal Health,2018-07-10,30 days ago,Pharmaceuticals,"Consultant, Inventory Management (Demand Planner)",Guaynabo, PR
256,Cardinal Health,2018-07-10,30+ days ago,Pharmaceuticals,"Advisor, Global Profitability Data Analytics",Dublin, OH
257,Cardinal Health,2018-07-10,30+ days ago,Pharmaceuticals,"Sr. Analyst, Inside Sales",La Vergne, TN
258,Cardinal Health,2018-07-20,20 days ago,Pharmaceuticals,District Sales Manager,Minneapolis, MN
259,Cardinal Health,2018-07-25,15 days ago,Pharmaceuticals,Security Officer (Part-Time),Dublin, OH
260,Cardinal Health,2018-07-10,30+ days ago,Pharmaceuticals,"Analyst, Inside Sales-Regional Brand Partner",Mansfield, MA
261,Cardinal Health,2018-07-24,16 days ago,Pharmaceuticals,"Consultant, Business Intelligence",Dublin, OH
262,Cardinal Health,2018-07-17,23 days ago,Pharmaceuticals,Pharmacy Buyer Hospital Full Time,Scottsbluff, NE
263,Cardinal Health,2018-07-12,28 days ago,Pharmaceuticals,Adobe AEM Administrator,Dublin, OH
264,Cardinal Health,2018-07-10,30+ days ago,Pharmaceuticals,"Advisor, Contracts & Billing",Nashville, TN
265,Cardinal Health,2018-07-10,30+ days ago,Pharmaceuticals,"Consultant, Sales Compensation Admin - Rewards Architecture",La Vergne, TN
266,Cardinal Health,2018-07-28,12 days ago,Pharmaceuticals,Compliance Specialist Supervisor- Quality/Regulatory Audit,Norfolk, NE
267,Cardinal Health,2018-07-27,13 days ago,Pharmaceuticals,"Supervisor, Inside Sales - Ambulatory Care",Dublin, OH
268,Cardinal Health,2018-08-07,2 days ago,Pharmaceuticals,"IT Manager, Manufacturing Systems",,
269,Cardinal Health,2018-07-18,22 days ago,Pharmaceuticals,Territory Sales Consultant - Negative Pressure Wound Therapy,Minneapolis, MN
270,Cardinal Health,2018-07-14,26 days ago,Pharmaceuticals,"Supervisor, Warehouse Operations (Inbound, Day Shift)",Solon, OH
271,Cardinal Health,2018-07-10,30+ days ago,Pharmaceuticals,"Lead Associate, Warehouse Operations (Second Shift)",Cincinnati, OH
272,Cardinal Health,2018-07-10,30+ days ago,Pharmaceuticals,"Director, Business Intelligence - Presource",Chicago, IL
273,Cardinal Health,2018-07-10,30+ days ago,Pharmaceuticals,"AUDITOR, Medical Device Quality & Regulatory Internal Audit",Milpitas, CA
274,Cardinal Health,2018-07-10,30+ days ago,Pharmaceuticals,Senior Biostatistician,Milpitas, CA
275,Cardinal Health,2018-07-10,30+ days ago,Pharmaceuticals,Warehouse Operations Supervisor,Montgomery, NY
276,Cardinal Health,2018-07-10,30+ days ago,Pharmaceuticals,"Project Manager, Program/Project Management (Project Lead)",Dallas, TX
277,Cardinal Health,2018-07-10,30+ days ago,Pharmaceuticals,EDI Analyst 2nd Shift,Dublin, OH
278,Cardinal Health,2018-07-17,23 days ago,Pharmaceuticals,"Account Manager, Supply Chain",Foxborough, MA
279,Cardinal Health,2018-07-10,30+ days ago,Pharmaceuticals,"Advisor, Accounting",Dublin, OH
280,Cardinal Health,2018-07-10,30+ days ago,Pharmaceuticals,"Scientist III, Chemistry, Mfg & Cntrl",Chicago, IL
281,Cardinal Health,2018-07-20,20 days ago,Pharmaceuticals,Lead Mechanical Specialist - Non-Woven - 3rd Shift,Augusta, GA
282,Cardinal Health,2018-07-10,30+ days ago,Pharmaceuticals,"Manager, Human Resources Business Partner",Ontario, CA
283,Cardinal Health,2018-07-25,15 days ago,Pharmaceuticals,"Supv, Finance Planning & Analysis",Overland Park, KS
284,Cardinal Health,2018-07-27,13 days ago,Pharmaceuticals,"Sales Account Manager, Wound Care",,
285,Cardinal Health,2018-07-10,30+ days ago,Pharmaceuticals,Director of Software Engineering,Lewisville, TX
286,Cardinal Health,2018-07-10,30+ days ago,Pharmaceuticals,Business Systems Analyst,Houston, TX
287,Cardinal Health,2018-07-31,9 days ago,Pharmaceuticals,"Advisor, Internal Audit - IT",Dublin, OH
288,Cardinal Health,2018-07-14,26 days ago,Pharmaceuticals,"Consultant, Business Analysis (Business Analyst)",Dublin, OH
289,Cardinal Health,2018-07-27,13 days ago,Pharmaceuticals,"Senior Coordinator, Individualized Care (Case Manager)",Lewisville, TX
290,Cardinal Health,2018-07-31,9 days ago,Pharmaceuticals,"Advisor, Global Trade (Supply Chain Data Analytics)",Dublin, OH
291,Cardinal Health,2018-07-10,30+ days ago,Pharmaceuticals,"Advisor, Fin Plng & Analysis (Cost Accountant)",El Paso, TX
292,Cardinal Health,2018-07-10,30+ days ago,Pharmaceuticals,Float Pharmacy Technician (Bilingual) Community Health,Santa Rosa, CA
293,Cardinal Health,2018-07-10,30+ days ago,Pharmaceuticals,Pharmacy Clerk PRN (Bilingual Spanish),Novato, CA
294,Cardinal Health,2018-07-27,13 days ago,Pharmaceuticals,"Sr. Consultant, Learning Experience Architect (Leadership Development)",,
295,Cardinal Health,2018-07-10,30+ days ago,Pharmaceuticals,Manufacturing Engineer,Concord, MA
296,Cardinal Health,2018-07-10,30+ days ago,Pharmaceuticals,Inpatient Pharmacy Technician,Lamar, MO
297,Cardinal Health,2018-07-15,25 days ago,Pharmaceuticals,"Consultant, Instructional Design & Development",Dublin, OH
298,Cardinal Health,2018-07-17,23 days ago,Pharmaceuticals,"Manager, Facilities Mgmt/Maintenance",Lewisville, TX
299,Cardinal Health,2018-07-10,30+ days ago,Pharmaceuticals,PharmacyTechnician PRN (Bilingual Spanish),Novato, CA
300,Cardinal Health,2018-07-10,30+ days ago,Pharmaceuticals,Supervisor- Principle Quality Engineer,Norfolk, NE
301,Cardinal Health,2018-07-21,19 days ago,Pharmaceuticals,Senior Project Manager,Mansfield, MA
302,Cardinal Health,2018-07-25,15 days ago,Pharmaceuticals,"Senior Specialist, Sales Support Administration",Twinsburg, OH
303,Cardinal Health,2018-07-10,30+ days ago,Pharmaceuticals,Nuclear Pharmacy Tech,Kansas City, MO
304,Cardinal Health,2018-08-07,2 days ago,Pharmaceuticals,"Senior Technician, Product Engineer",El Paso, TX
305,Cardinal Health,2018-07-10,30+ days ago,Pharmaceuticals,"VP, North America Marketing Cordis",Mansfield, MA
306,Cardinal Health,2018-07-25,15 days ago,Pharmaceuticals,"Nuclear Pharmacy Technician (Full-time, 40 hours)",Roseville, MN
307,Cardinal Health,2018-07-10,30+ days ago,Pharmaceuticals,Afternoon Maintenance Lead,Crystal Lake, IL
308,Cardinal Health,2018-08-07,2 days ago,Pharmaceuticals,BPCS Senior Software Engineer,,
309,Cardinal Health,2018-07-13,27 days ago,Pharmaceuticals,"Consultant, Inside Sales-Outbound",Nashville, TN
310,Cardinal Health,2018-07-27,13 days ago,Pharmaceuticals,Hospital Pharmacy Technician,Artesia, NM
311,Cardinal Health,2018-07-10,30+ days ago,Pharmaceuticals,"Sr. Specialist, Business Intelligence",Dublin, OH
312,Cardinal Health,2018-07-27,13 days ago,Pharmaceuticals,Senior Advisor Information Security Awareness,,
313,Cardinal Health,2018-07-10,30+ days ago,Pharmaceuticals,HR Generalist (Bilingual),Whitestone, NY
314,Cardinal Health,2018-07-11,29 days ago,Pharmaceuticals,"Senior Manager, Red Oak Sourcing",Foxborough, MA
315,Cardinal Health,2018-07-10,30+ days ago,Pharmaceuticals,Contact Center Technologies Software Engineer,Dublin, OH
316,Cardinal Health,2018-07-10,30+ days ago,Pharmaceuticals,Agile Project Manager,Houston, TX
317,Cardinal Health,2018-07-19,21 days ago,Pharmaceuticals,"Engineer, Quality Control (Manhattan Tester)",Dublin, OH
318,Cardinal Health,2018-07-27,13 days ago,Pharmaceuticals,"Manager, Communications Business Partner (Cordis)",,
319,Cardinal Health,2018-07-10,30+ days ago,Pharmaceuticals,"Manager, Validations",Dublin, OH
320,Cardinal Health,2018-07-25,15 days ago,Pharmaceuticals,Urology Territory Sales Representative,Twinsburg, OH
321,Cardinal Health,2018-07-10,30+ days ago,Pharmaceuticals,"Senior Engineer, Manufacturing",Moberly, MO
322,Cardinal Health,2018-07-26,14 days ago,Pharmaceuticals,Retail Pharmacy Technician PRN (Community Health),Vineland, NJ
323,Cardinal Health,2018-07-10,30+ days ago,Pharmaceuticals,"Analyst, Contracts & Billing (Medical Biller)",Twinsburg, OH
324,Cardinal Health,2018-08-04,5 days ago,Pharmaceuticals,Retail Pharmacy Technician PRN (Community Health Center),Conowingo, MD
325,Cardinal Health,2018-07-14,26 days ago,Pharmaceuticals,"Manager, Test Engineering",Dublin, OH
326,Cardinal Health,2018-07-10,30+ days ago,Pharmaceuticals,"Continuous Improvement Supervisor, Operational Excellence",Camden, SC
327,Cardinal Health,2018-07-31,9 days ago,Pharmaceuticals,Urology Sales Manager,,
328,Cardinal Health,2018-07-10,30+ days ago,Pharmaceuticals,"Manager, Commercial Analytics",Dublin, OH
329,Cardinal Health,2018-07-25,15 days ago,Pharmaceuticals,Truck Driver - CDL-A,Cranbury, NJ
330,Cardinal Health,2018-07-10,30+ days ago,Pharmaceuticals,Retail Pharmacy Manager (Community Health Center),Swainsboro, GA
331,Cardinal Health,2018-07-10,30+ days ago,Pharmaceuticals,"Nurse, Individualized Care",Lewisville, TX
332,Cardinal Health,2018-07-11,29 days ago,Pharmaceuticals,"Plant Controller, Manager FP&A",Santa Clara, CA
333,Cardinal Health,2018-07-10,30+ days ago,Pharmaceuticals,Senior Regulatory Affairs Specialist,Mansfield, MA
334,Cardinal Health,2018-07-10,30+ days ago,Pharmaceuticals,Urology Outside Sales Representative,Denver, CO
335,Cardinal Health,2018-07-10,30+ days ago,Pharmaceuticals,"Sr Tech, Ops Maintenance",Whitestone, NY
336,Cardinal Health,2018-08-08,1 day ago,Pharmaceuticals,"Sr. Consultant, Supply Chain Data Analytics",Dublin, OH
337,Cardinal Health,2018-07-17,23 days ago,Pharmaceuticals,"Senior Consultant, Business Intelligence",Dublin, OH
338,Cardinal Health,2018-07-10,30+ days ago,Pharmaceuticals,IT Security Risk Advisor,Dublin, OH
339,Cardinal Health,2018-07-21,19 days ago,Pharmaceuticals,Senior Agile Coach,Dublin, OH
340,Cardinal Health,2018-07-27,13 days ago,Pharmaceuticals,"Remote MTM Pharmacist, Bilingual Spanish",,
341,Cardinal Health,2018-07-17,23 hours ago,Pharmaceuticals,"Director, International Tax Operations",Dublin, OH
342,Cardinal Health,2018-07-10,30+ days ago,Pharmaceuticals,"Senior Associate, Warehouse Operations (Product Flow Specialist)",Greensboro, NC
343,Cardinal Health,2018-08-04,5 days ago,Pharmaceuticals,"Sr Analyst, IT Client Sys Mgmt",Dublin, OH
344,Cardinal Health,2018-07-10,30+ days ago,Pharmaceuticals,"Sr. Analyst (SAP, Accounts Payable)",Dublin, OH
345,Cardinal Health,2018-07-25,15 days ago,Pharmaceuticals,"Sr Analyst, IT Client Support",Nashville, TN
346,Cardinal Health,2018-07-10,30+ days ago,Pharmaceuticals,Principal Quality Engineer,Mansfield, MA
347,Cardinal Health,2018-07-27,13 days ago,Pharmaceuticals,Hospital Pharmacy Technician (Spanish Medication History Technician),Los Angeles, CA
348,Cardinal Health,2018-07-27,13 days ago,Pharmaceuticals,Hospital Pharmacy Technician PRN,Los Angeles, CA
349,Cardinal Health,2018-07-12,28 days ago,Pharmaceuticals,"Senior Analyst, Financial Systems",Dublin, OH
350,Cardinal Health,2018-07-10,30+ days ago,Pharmaceuticals,Nuclear Pharmacy Technician (Full-Time 40 hrs),Tampa, FL
351,Cardinal Health,2018-08-07,2 days ago,Pharmaceuticals,"Medical Device, Diabetic Biller- Sr. Coordinator",Twinsburg, OH
352,Cardinal Health,2018-07-27,13 days ago,Pharmaceuticals,Pharmacy Technician PRN,Corinth, MS
353,Cardinal Health,2018-08-01,8 hours ago,Pharmaceuticals,Hospital Pharmacy Director,Hazlehurst, MS
354,Cardinal Health,2018-07-21,19 days ago,Pharmaceuticals,Principal Regulatory Affairs Specialist,Mansfield, MA
355,Cardinal Health,2018-07-10,30 days ago,Pharmaceuticals,CRM Platform Development Manager,Lewisville, TX
356,Cardinal Health,2018-07-27,13 days ago,Pharmaceuticals,Nuclear Pharmacist,Wichita, KS
357,Cardinal Health,2018-07-10,30+ days ago,Pharmaceuticals,"Advisor, Financial Planning and Analysis",Dublin, OH
358,Cardinal Health,2018-07-11,29 days ago,Pharmaceuticals,"Representative, Inside Sales (Pharmaceutical, Korean Speaking)",Dublin, OH
359,Cardinal Health,2018-07-10,30+ days ago,Pharmaceuticals,Senior Performance Engineer,Dublin, OH
360,Cardinal Health,2018-07-10,30+ days ago,Pharmaceuticals,Pharmacist II,Ponce, PR
361,Cardinal Health,2018-07-14,26 days ago,Pharmaceuticals,Clinician Product Safety and Performance,Miami Lakes, FL
362,Cardinal Health,2018-07-27,13 days ago,Pharmaceuticals,"Principal Engineer, Design Quality Engineering and NBD",Miami Lakes, FL
363,Cardinal Health,2018-07-13,27 days ago,Pharmaceuticals,Java Software Engineer,Dublin, OH
364,Cardinal Health,2018-08-02,7 days ago,Pharmaceuticals,"Engineer, Software Engineering (SAP S4 LE/MM Global Supply Chain)",Dublin, OH
365,Cardinal Health,2018-07-28,12 days ago,Pharmaceuticals,"Tech II, Specialty Pharmacy",Columbia, MD
366,Cardinal Health,2018-07-21,19 days ago,Pharmaceuticals,"Senior Project Manager, Clinical Operations (Scientist)",Fredericksburg, VA
367,Cardinal Health,2018-07-21,19 days ago,Pharmaceuticals,Cloud Engineer,Dublin, OH
368,Cardinal Health,2018-07-25,15 days ago,Pharmaceuticals,"32 Hours/Week, Hospital Pharmacist",Oak Ridge, TN
369,Cardinal Health,2018-07-18,22 days ago,Pharmaceuticals,DevOps Automation Engineer,Dublin, OH
370,Cardinal Health,2018-07-10,30+ days ago,Pharmaceuticals,"Advisor, IT Audit",Dublin, OH
371,Cardinal Health,2018-07-10,30+ days ago,Pharmaceuticals,Pharmacy Technician (Full-Time 40 hours),Indianapolis, IN
372,Cardinal Health,2018-07-10,30+ days ago,Pharmaceuticals,Supply Planning Manager,Mansfield, MA
373,Cardinal Health,2018-07-10,30+ days ago,Pharmaceuticals,"Senior Analyst, Software Engineering",Dublin, OH
374,Cardinal Health,2018-07-26,14 hours ago,Pharmaceuticals,PRN Hospital Pharmacy Technician,Hammond, LA
375,Cardinal Health,2018-08-04,5 days ago,Pharmaceuticals,"Manager, Software Engineering (Java)",Twinsburg, OH
376,Cardinal Health,2018-08-03,6 days ago,Pharmaceuticals,"Business Analyst, Business Analysis (Global LSP Integration Consultant EMEA)",Dublin, OH
377,Cardinal Health,2018-07-10,30+ days ago,Pharmaceuticals,"Advisor, International Treasury – Global Support",Dublin, OH
378,Cardinal Health,2018-07-10,30+ days ago,Pharmaceuticals,"Accounting Manager, Medical Segment",Dublin, OH
379,Cardinal Health,2018-07-10,30+ days ago,Pharmaceuticals,Vulnerability Management Security Engineer,Dublin, OH
380,Cardinal Health,2018-08-02,7 days ago,Pharmaceuticals,"Engineer, Software Engineering (SAP Supply Chain ABAP Developer)",Dublin, OH
381,Cardinal Health,2018-07-10,30+ days ago,Pharmaceuticals,Electrical Specialist - Sr. Tech - 3rd Shift,Augusta, GA
382,Cardinal Health,2018-07-26,14 days ago,Pharmaceuticals,Azure Cloud Engineer,Foxborough, MA
383,Cardinal Health,2018-07-10,30+ days ago,Pharmaceuticals,Senior Product Manager,Concord, MA
384,Cardinal Health,2018-08-01,8 days ago,Pharmaceuticals,Hospital Pharmacy Manager,Tulsa, OK
385,Cardinal Health,2018-07-10,30+ days ago,Pharmaceuticals,IT Security and Audit Lead,Dublin, OH
386,Cardinal Health,2018-07-10,30+ days ago,Pharmaceuticals,Sr. Process Engineer Manufacturing,Augusta, GA
387,Cardinal Health,2018-07-12,28 days ago,Pharmaceuticals,Manager eCommerce Site Reliability and Engineering,Dublin, OH
388,Cardinal Health,2018-07-27,13 days ago,Pharmaceuticals,"Consultant, Sales - Laboratory Diagnostic Instrument Sales Specialist",,
389,Cardinal Health,2018-07-27,13 days ago,Pharmaceuticals,"Senior Consultant, Business Intelligence & Analytics (P-Mod)",Dublin, OH
390,Cardinal Health,2018-07-10,30+ days ago,Pharmaceuticals,"Total Productive Maintenance (TPM) Coordinator, Sr Engineer",DeLand, FL
391,Cardinal Health,2018-07-27,13 days ago,Pharmaceuticals,Director of Pharmacy,Ashland, KY
392,Cardinal Health,2018-08-03,6 days ago,Pharmaceuticals,Hospital Pharmacist PRN,Tavernier, FL
393,Cardinal Health,2018-07-17,23 days ago,Pharmaceuticals,Retail Pharmacy Technician (Outpatient Hospital),Westerville, OH
394,Cardinal Health,2018-08-07,2 days ago,Pharmaceuticals,"Senior Advisor, Shared Services IT Risk & Compliance",Dublin, OH
395,Cardinal Health,2018-07-10,30+ days ago,Pharmaceuticals,"Technician I, Nuclear Pharmacy",Seattle, WA
396,Cardinal Health,2018-07-10,30+ days ago,Pharmaceuticals,Hospital Director of Pharmacy,Stockton, CA
397,Cardinal Health,2018-07-10,30+ days ago,Pharmaceuticals,Pharmacy Technician (Nuclear),Southfield, MI
398,Cardinal Health,2018-07-10,30+ days ago,Pharmaceuticals,Principal Process Engineer Manufacturing,Augusta, GA
399,Cardinal Health,2018-08-03,6 days ago,Pharmaceuticals,"Business Analyst, Business Analysis (Global LSP Integration Consultant Business Analysis APAC)",Dublin, OH
400,Cardinal Health,2018-07-11,29 days ago,Pharmaceuticals,"Sr. Engineer, Software Engineering",Dublin, OH
401,Cardinal Health,2018-07-10,30+ days ago,Pharmaceuticals,Pharmacist - PRN,Lewisville, TX
402,Cardinal Health,2018-07-10,30+ days ago,Pharmaceuticals,Nuclear Staff Pharmacist (Part-Time 20 hrs),Gainesville, FL
403,Cardinal Health,2018-07-10,30+ days ago,Pharmaceuticals,Certified Pharmacy Technician,Columbus, OH
404,Cardinal Health,2018-07-27,13 days ago,Pharmaceuticals,System Director of Pharmacy Hospital,Escondido, CA
405,Cardinal Health,2018-07-12,28 days ago,Pharmaceuticals,"Senior Analyst, Internal Audit - IT",Dublin, OH
406,Cardinal Health,2018-07-12,28 days ago,Pharmaceuticals,Senior Principal Quality Engineer (Post Market),Mansfield, MA
407,Cardinal Health,2018-07-10,30+ days ago,Pharmaceuticals,"Principal Engineer, R & D Product Development",Mansfield, MA
408,Cardinal Health,2018-07-27,13 days ago,Pharmaceuticals,Oracle Agile Platform - Sr. Software Eng.,,
409,Cardinal Health,2018-07-10,30+ days ago,Pharmaceuticals,Senior ECommerce Java Developer,Twinsburg, OH
410,Cardinal Health,2018-07-20,20 days ago,Pharmaceuticals,"Pharmacy Technician II (Nuclear, Full-time, 40 hours)",Dallas, TX
411,Cardinal Health,2018-07-10,30+ days ago,Pharmaceuticals,"Engineer, Software Engineering (SAP MDG Master Data)",Dublin, OH
412,Cardinal Health,2018-07-10,30+ days ago,Pharmaceuticals,Pharmacy Technician (PT Every other weekend),Marlborough, MA
413,Cardinal Health,2018-07-21,19 days ago,Pharmaceuticals,Retail Pharmacy Manager (Hospital Outpatient Pharmacy),Kingman, AZ
414,Cardinal Health,2018-07-18,22 days ago,Pharmaceuticals,Pharmacist Hospital PRN,Luling, TX
415,Cardinal Health,2018-07-10,30+ days ago,Pharmaceuticals,Sr. Advanced Manufacturing Engineer,Mansfield, MA
416,Cardinal Health,2018-07-10,30+ days ago,Pharmaceuticals,Nuclear Pharmacy Manager,Memphis, TN
417,Cardinal Health,2018-08-02,7 days ago,Pharmaceuticals,"Engineer, Software Engineering (SAP CRM ABAP Developer)",Dublin, OH
418,Cardinal Health,2018-08-07,2 days ago,Pharmaceuticals,Retail Pharmacy Technician PRN Bilingual (Community),Pawtucket, RI
419,Cardinal Health,2018-07-27,13 days ago,Pharmaceuticals,Retail Pharmacy Technician (Hospital Outpatient Pharmacy),Hackensack, NJ
420,Cardinal Health,2018-07-30,10 days ago,Pharmaceuticals,"Senior Software Engineer, SAP FICO (Corporate Finance Function IT Operations)",Dublin, OH
421,Cardinal Health,2018-07-10,30+ days ago,Pharmaceuticals,"Senior Engineer, Software Engineering, Record to Report (P-Mod)",Dublin, OH
422,Cardinal Health,2018-07-10,30+ days ago,Pharmaceuticals,"Manager, Transfer Pricing (Tax)",Dublin, OH
423,Cardinal Health,2018-07-10,30+ days ago,Pharmaceuticals,"Manager, Tax (Income Tax)",Dublin, OH
424,Cardinal Health,2018-07-10,30+ days ago,Pharmaceuticals,"Senior Engineer, Software Engineering, (SAP FICO Record to Report) (P-Mod)",Dublin, OH
425,Cardinal Health,2018-07-10,30+ days ago,Pharmaceuticals,"Senior Engineer, Software Engineering (Salesforce.com Technical Lead) (P-Mod)",Dublin, OH
426,Cardinal Health,2018-07-14,26 days ago,Pharmaceuticals,"Senior Engineer, Software Engineering (Senior Salesforce Consultant) (P-Mod)",Dublin, OH
427,Cardinal Health,2018-08-02,7 days ago,Pharmaceuticals,"Engineer, Software Engineering (SAP CRM ABAP Developer)",Dublin, OH
428,Cardinal Health,2018-08-07,2 days ago,Pharmaceuticals,Retail Pharmacy Technician PRN Bilingual (Community),Pawtucket, RI
429,Cardinal Health,2018-07-27,13 days ago,Pharmaceuticals,Retail Pharmacy Technician (Hospital Outpatient Pharmacy),Hackensack, NJ
430,Cardinal Health,2018-07-30,10 days ago,Pharmaceuticals,"Senior Software Engineer, SAP FICO (Corporate Finance Function IT Operations)",Dublin, OH
431,Cardinal Health,2018-07-10,30+ days ago,Pharmaceuticals,"Senior Engineer, Software Engineering, Record to Report (P-Mod)",Dublin, OH
432,Cardinal Health,2018-07-10,30+ days ago,Pharmaceuticals,"Manager, Transfer Pricing (Tax)",Dublin, OH
433,Cardinal Health,2018-07-10,30+ days ago,Pharmaceuticals,"Manager, Tax (Income Tax)",Dublin, OH
434,Cardinal Health,2018-07-10,30+ days ago,Pharmaceuticals,"Senior Engineer, Software Engineering, (SAP FICO Record to Report) (P-Mod)",Dublin, OH
435,Cardinal Health,2018-07-10,30+ days ago,Pharmaceuticals,"Senior Engineer, Software Engineering (Salesforce.com Technical Lead) (P-Mod)",Dublin, OH
436,Cardinal Health,2018-07-14,26 days ago,Pharmaceuticals,"Senior Engineer, Software Engineering (Senior Salesforce Consultant) (P-Mod)",Dublin, OH
